id,edicao,numero,enunciado,alternativas,area_conhecimento,area,subarea,gabarito,atributo_rag,ehQuestaoProblema,comp_decomposicao,comp_reconhecimento_padroes,comp_abstracao,comp_algoritmos,comp_generalizacao
2002-30,2002,30,"Considere um problema em que são dados 5 objetos com os seguintes pesos e valores:
$$
\begin{align*}
\text{pesos: } & (W_1, W_2, W_3, W_4, W_5) = (6, 10, 9, 5, 12) \\
\text{valores: } & (P_1, P_2, P_3, P_4, P_5) = (8, 5, 10, 15, 7)
\end{align*}
$$
Além disso, é dada uma mochila que suporta até 30 unidades de peso, para transportar os objetos. O objetivo do problema é preencher a mochila de tal forma que o valor total dos objetos a serem transportados seja o maior possível, mas sem exceder o limite de peso suportado pela mochila. Assuma que é permitido colocar fração de um objeto na mochila. Qual das seguintes alternativas corresponde ao valor máximo obtido no preenchimento da mochila:","['a) 12.2', 'b) 21.5', 'c) 30.34', 'd) 38.83', 'e) 43.1']",Fundamentos da Computação,Algoritmos e Estrutura de Dados,"Técnicas de Projeto de Algoritmos: Método da Força Bruta, Pesquisa Exaustiva, Algoritmo Guloso, Dividir e Conquistar, “Backtracking” e Heurísticas",D,"fundamentos da computacao - algoritmos e estrutura de dados - tecnicas de projeto de algoritmos: metodo da forca bruta, pesquisa exaustiva, algoritmo guloso, dividir e conquistar, “backtracking” e heuristicas",True,False,True,True,True,False
2002-33,2002,33,"Professor Mac Sperto propôs o seguinte algoritmo de ordenação, chamado de Super Merge, similar ao merge sort: divida o vetor em 4 partes do mesmo tamanho (ao invés de 2, como é feito no merge sort). Ordene recursivamente cada uma das partes e depois intercale-as por um procedimento semelhante ao procedimento de intercalação do merge sort. Qual das alternativas abaixo é verdadeira?","['a) Super Merge não está correto. Não é possível ordenar quebrando o vetor em 4 partes', 'b) Super Merge está correto, mas consome tempo O(*merge sort*)', 'c) Super Merge está correto, mas consome tempo maior que O(*merge sort*)', 'd) Super Merge está correto, mas consome tempo menor que O(*merge sort*)', 'e) Nenhuma das afirmações acima está correta']",Fundamentos da Computação,Algoritmos e Estrutura de Dados,Algoritmos para Pesquisa e Ordenação,B,fundamentos da computacao - algoritmos e estrutura de dados - algoritmos para pesquisa e ordenacao,True,True,True,False,True,True
2002-35,2002,35,Considere um sistema distribuído onde cada nó precisa obter um bloqueio (*lock*) antes de acessar qualquer serviço no sistema. Qual das estratégias a seguir não seria eficaz para evitar impasses (*deadlocks*)?,"['a) Associar prioridades aos nós e criar filas de prioridades para cada serviço', 'b) Numerar os serviços e exigir que cada nó solicite os bloqueios dos serviços em ordem crescente', 'c) Instalar um serviço de detecção de impasses no sistema distribuído e reiniciar os nós que atinjam um impasse', 'd) Fazer com que cada nó reinicie sua execução se um pedido de bloqueio não é concedido após um longo tempo de espera O pedido de bloqueio é re-enviado após um tempo aleatório', 'e) Forçar cada nó a obter todos os bloqueios de que necessita no início de sua execução e reiniciar a execução se algum bloqueio não é concedido']",Fundamentos da Computação,Sistemas Operacionais,"Comunicação, Concorrência e Sincronização de Processos",A,"fundamentos da computacao - sistemas operacionais - comunicacao, concorrencia e sincronizacao de processos",True,False,False,True,False,False
2002-36,2002,36,"Uma árvore binária é declarada em C como
```
typedef struct no *apontador;
struct no {
         int valor;
         apontador esq, dir;
          };
```
onde `esq` e `dir` representam ligações para os filhos esquerdo e direito de um nó da árvore, respectivamente. Qual das seguintes alternativas é uma implementação correta da operação que inverte as posições dos filhos esquerdo e direito de um nó `p` da árvore, onde `t` é um apontador auxiliar.","['a)\n```\nt = p;\np->esq = p->dir;\np->dir = p->esq\n```', 'b) \n```\np->dir = t;\np->esq = p->dir;\np->dir = t\n```', 'c) \n```\np->esq = p->dir;\nt = p->esq;\np->dir = t\n```', 'd)\n```\nt = p->dir;\np->esq = p->dir;\np->dir = t\n```', 'e) \n```\nt = p->dir;\np->dir = p->esq;\np->esq = t\n```']",Fundamentos da Computação,Algoritmos e Estrutura de Dados,"Árvores e suas Generalizações: Árvores Binárias, Árvores de Busca e Árvores Balanceadas",E,"fundamentos da computacao - algoritmos e estrutura de dados - arvores e suas generalizacoes: arvores binarias, arvores de busca e arvores balanceadas",True,False,False,False,True,False
2002-37,2002,37,"No programa abaixo, escrito em Pascal, os parâmetros do procedimento `vr` são passados por valor.
```
program teste;
var x,y: integer;

  procedure vr(u,v: integer);
  begin
    u:=2*u;
    x:=u+v;
    u:=u-l;
  end;

begin
  x:=4;
  y:=2;
  vr(x,y);
  writeln(x);
end.
```
O valor de `x` impresso na última linha do programa é:","['a) 4', 'b) 5', 'c) 7', 'd) 8', 'e) 10']",Fundamentos da Computação,Linguagens de Programação,Paradigmas de Linguagens de Programação,E,fundamentos da computacao - linguagens de programacao - paradigmas de linguagens de programacao,True,False,False,False,True,False
2002-38,2002,38,"A função abaixo computa a soma dos $n$ primeiros números inteiros não negativos:
```
function sum(n: integer) : integer;
begin
  if n=0 then sum:=0
  else --------------
end;
```
A parte que falta para completar a condição else é:","['a) `while n<>0 sum:=sum + sum(n+1)`', 'b) `sum:=n + sum(n)`', 'c) `sum:=(n-1) + sum(n-1)`', 'd) `sum:=n + sum(n-1)`', 'e) `sum:=(n-1) + sum(n)`']",Fundamentos da Computação,Algoritmos e Estrutura de Dados,Recursividade: Conceito e Implementação,D,fundamentos da computacao - algoritmos e estrutura de dados - recursividade: conceito e implementacao,True,False,True,False,True,False
2002-40,2002,40,"Considere um grafo $G$ satisfazendo as seguintes propriedades:
- $G$ é conexo
- Se removermos qualquer aresta de $G$, o grafo obtido é desconexo.

Então é correto afirmar que o grafo $G$ é:","['a) Um circuito', 'b) Não bipartido', 'c) Uma árvore', 'd) Hamiltoniano', 'e) Euleriano']",Fundamentos da Computação,Teoria dos Grafos,Conectividade,C,fundamentos da computacao - teoria dos grafos - conectividade,True,False,True,True,False,False
2002-44,2002,44,"Supondo a Relação `\text{PROJ} (PNO, Orçam)`, com chave primária `PNO`, a Relação `EMP (ENO, ENome, Cargo)` com chave primária `ENO`, e a Relação `DSG (ENO, PNO, Dur, Resp)`, com chave primária `{ENO, PNO}`, chave estrangeira `PNO` em relação a `PROJ` e chave estrangeira `ENO` em relação a `EMP`. Qual das expressões da álgebra relacional abaixo NÃO corresponde à seguinte consulta SQL:
```
SELECT ENome
FROM EMP, PROJ, DSG
WHERE EMP.ENO = DSG.ENO
       AND PROJ.PNO = DSG.PNO
       AND Dur > 36
```","['a) $\\pi_{\\text{ENome}} (\\text{PROJ} \\bowtie_{\\text{PNO}} ( \\text{EMP} \\bowtie_{ENO} \\sigma_{\\text{Dur} > 36} (\\text{DSG})))$', 'b) $\\pi_{\\text{ENome}} (\\text{PROJ} \\bowtie_{\\text{PNO}} ((\\pi_{\\text{ENome}}, ENO (\\text{EMP})) \\bowtie_{ENO} ( \\sigma_{\\text{Dur} > 36} (\\text{DSG}))))$', 'c) $\\pi_{\\text{ENome}} (\\text{PROJ} \\bowtie_{\\text{PNO}} (\\sigma_{\\text{Dur} > 36} (\\text{EMP} \\bowtie_{ENO} (\\text{DSG}) )))$', 'd) $\\pi_{\\text{ENome}} (\\sigma_{\\text{Dur} > 36} ((\\pi_{\\text{PNO}} (\\text{PROJ})) \\bowtie_{\\text{PNO}} ( \\text{EMP} \\bowtie_{ENO} \\text{DSG})))$', 'e) $\\pi_{\\text{ENome}} (\\text{PROJ} \\bowtie_{\\text{PNO}} ( \\text{EMP} \\bowtie_{ENO} \\sigma_{\\text{Dur} > 36} (\\pi \\text{Dur} (\\text{DSG}))))$']",Tecnologia de Computação,Banco de Dados,Linguagens de Consulta,E,tecnologia de computacao - banco de dados - linguagens de consulta,True,False,True,True,False,False
2002-53,2002,53,"Considere uma cena representada no sistema de referência do universo (SRU), uma *window* definida pelo par de coordenadas (0,0)-(100,100) e uma *viewport* definida pelo par de coordenadas (20,30)-(300,100). Considere ainda que as coordenadas que definem *window* e *viewport* correspondem, respectivamente, aos limites inferior esquerdo e superior direito de ambas. Analise as afirmativas abaixo levando em consideração os conceitos clássicos de *window* e *viewport* e assinale a alternativa correta. \
I – *Window* e *viewport* estão definidas no SRU. \
II – No processo de mapeamento desta *window* para esta *viewport* haverá modificação na relação de aspecto. \
III – O mapeamento da *window* redefinida pelo par de coordenadas (0,0) – (50,50) para a mesma *viewport* (20,30)-(300,100) corresponde a uma operação de *zoom out* sobre o mesmo universo.","['a) As alternativas I e II são verdadeiras', 'b) As alternativas I e III são falsas', 'c) Apenas a afirmativa III é verdadeira', 'd) As afirmativas II e III são verdadeiras', 'e) As alternativas I e II são falsas']",Tecnologia de Computação,Computação Gráfica,Transformação entre Sistemas de Coordenadas 2D e Recorte,B,tecnologia de computacao - computacao grafica - transformacao entre sistemas de coordenadas 2d e recorte,True,True,False,True,False,False
2003-26,2003,26,"Considere o seguinte código para implementar exclusão mútua entre dois processos $i$ e $j$:
```
Processo Pi
  do
    while (turn != i) ; // entrada da seção crítica
          seção crítica
    turn = j;           // saída da seção crítica
          código restante
  while (1);
```
Em relação ao código acima, todas as afirmativas estão corretas, exceto:","['a) A implementação garante exclusão mútua.', 'b) A implementação garante progresso.', 'c) Os processos fazem espera ativa.', 'd) Exige alternância estrita.', 'e) Um processo bloqueia o outro mesmo não estando na seção crítica.']",Fundamentos da Computação,Sistemas Operacionais,"Comunicação, Concorrência e Sincronização de Processos",B,"fundamentos da computacao - sistemas operacionais - comunicacao, concorrencia e sincronizacao de processos",True,False,True,True,True,False
2003-28,2003,28,"Considere o seguinte trecho de programa:
```
1. i:= 1;
2. while i <=n do
   begin
3. sum:= sum + a[i];
4. i:=i+ 1;
   end;
```

Considere que: 
 - $I$ representa a inicialização da variável `i:= 1` na linha 1; 
 - $T$ representa o teste da linha 2; 
 - $A$ representa os comandos da linha 3; 
 - $P$ representa o incremento na linha 4.

Qual é a expressão regular que representa todas as sequências de passos possíveis de serem executados por este trecho de programa?","['a) $I(TAP)^+$', 'b) $I(TAP)^*$', 'c) $IT^+A^*P^*$', 'd) $IT(APT)^*$', 'e) $IT(APT)^+$']",Fundamentos da Computação,"Linguagens Formais, Autômatos e Computabilidade","Linguagens Regulares, Livres-de-Contexto e Sensíveis-ao-Contexto",D,"fundamentos da computacao - linguagens formais, automatos e computabilidade - linguagens regulares, livres-de-contexto e sensiveis-ao-contexto",True,False,True,True,True,True
2003-34,2003,34,"A função abaixo, escrita na linguagem C, quando executada para $n = 5$, faz quantas chamadas recursivas (excluindo a primeira chamada da função)?
```
int fat (int n)
{
    if (n == 1) return n;
    else return (n*fat(n-1));
}
```","['a) 6', 'b) 5', 'c) 4', 'd) 1', 'e) 0']",Fundamentos da Computação,Algoritmos e Estrutura de Dados,Recursividade: Conceito e Implementação,C,fundamentos da computacao - algoritmos e estrutura de dados - recursividade: conceito e implementacao,True,True,False,False,True,False
2003-35,2003,35,"Qual é a opção que descreve a tarefa executada pelo seguinte algoritmo escrito em Pascal?
```
procedure fazalgo (var x, var y)
begin
  x := x + y;
  y := x - y;
  x := x - y;
end
```","['a) divide `x` por `y` utilizando a subtração e retorna o resultado em `x`', 'b) divide `y` por `x` utilizando a subtração e retorna o resultado em `x`', 'c) troca os valores de `x` e `y`', 'd) calcula o mínimo múltiplo comum entre `x` e `y` e retorna o valor em `x`', 'e) não altera os valores de `x` e `y`']",Fundamentos da Computação,Algoritmos e Estrutura de Dados,Modularidade e Abstração,C,fundamentos da computacao - algoritmos e estrutura de dados - modularidade e abstracao,True,False,False,False,True,False
2003-36,2003,36,"Para que faixa de valores da variável $x$ o seguinte segmento de código imprime a letra `C`?
```
if (x <= 200)
    if (x < 100)
        if (x < 0) printf(""A"")
        else printf(""B"")
    else printf(""C"")
else printf(""D"")
```","['a) $0 < x < 100$', 'b) $x <= 100$', 'c) $100 <= x <= 200$', 'd) $x > 200$', 'e) $100 < x <= 200$']",Fundamentos da Computação,Técnicas de Programação,Comandos de uma Linguagem de programação,C,fundamentos da computacao - tecnicas de programacao - comandos de uma linguagem de programacao,True,True,False,False,True,False
2003-41,2003,41," Considere as seguintes tabelas em uma base de dados relacional:
```
Departamento (CodDepto, NomeDepto)
Empregado (CodEmp, NomeEmp, CodDepto)
```
Deseja-se obter uma tabela na qual cada linha é a concatenação de uma linha da tabela Departamento com uma linha da tabela de Empregado. Caso um departamento não possua empregados, seu linha no resultado deve conter vazio (NULL) nos campos referentes ao empregado. A operação de álgebra relacional que deve ser aplicada para combinar estas duas tabelas é:","['a) Divisão', 'b) Junção interna', 'c) Junção externa', 'd) União', 'e) Projeção']",Tecnologia de Computação,Banco de Dados,Linguagens de Consulta,C,tecnologia de computacao - banco de dados - linguagens de consulta,True,False,True,True,False,False
2003-43,2003,43,"Considere a seguinte tabela em uma base de dados relacional (chave primária sublinhada):

<code>Tabela1(<u>CodAluno,CodDisciplina,AnoSemestre,</u> NomeAluno, NomeDisciplina,
CodNota, DescricaoNota)</code>

Considere as seguintes dependências funcionais:
- `CodAluno` → `NomeAluno`
- `CodDisciplina` → `NomeDisciplina`
- (`CodAluno`,`CodDisciplina`,`AnoSemestre`) → `CodNota`
- (`CodAluno`,`CodDisciplina`,`AnoSemestre`) → `DescricaoNota`
- `CodNota` → `DescricaoNota`

Considerando as formas normais, qual das afirmativas abaixo se aplica:","['a) A tabela encontra-se na primeira forma normal, mas não na segunda forma normal.', 'b) A tabela encontra-se na segunda forma normal, mas não na terceira forma normal.', 'c) A tabela encontra-se na terceira forma normal, mas não na quarta forma normal.', 'd) A tabela não está na primeira forma normal.', 'e) A tabela está na quarta forma normal.']",Tecnologia de Computação,Banco de Dados,Modelagem e Projeto de Banco de Dados,A,tecnologia de computacao - banco de dados - modelagem e projeto de banco de dados,True,True,False,True,False,False
2003-44,2003,44,"Considere as seguintes tabelas em uma base de dados relacional:
```
Departamento (CodDepto, NomeDepto)
Empregado (CodEmp, NomeEmp, CodDepto,Salario)
```
Considere a seguinte consulta escrita em SQL:
```
SELECT D.CodDepto,NomeDepto,SUM(E.Salario)
FROM Departamento D, Empregado E
WHERE D.CodDepto=E.CodDepto
GROUP BY D.CodDepto,NomeDepto
HAVING COUNT(*)>2 AND AVG(E.Salario)>40
```
A consulta acima obtém o seguinte resultado:","['a) Para cada empregado que tem mais que dois departamentos, ambos com média salarial maior que\n40, obter o código de departamento, seguido do nome do departamento, seguido da soma dos salários dos empregados do departamento.', 'b) Para cada departamento que tem mais que dois empregados e cuja média salarial é maior que 40,\nobter o código de departamento, seguido do nome do departamento, seguido da soma dos salários dos empregados do departamento.', 'c) Para cada departamento que tem mais que dois empregados e cuja média salarial, considerando todos empregados do departamento, exceto os dois primeiros, é maior que 40, obter o código de departamento, seguido do nome do departamento, seguido da soma dos salários dos empregados do departamento.', 'd) A consulta não retorna nada pois está incorreta.', 'e) Para cada departamento que tem mais que dois empregados e cuja média salarial é maior que 40\nobter um grupo de linhas que contém, para cada empregado do departamento, o código de seu departamento, seguido do nome de seu departamento, seguido da soma dos salários dos empregados do seu departamento.']",Tecnologia de Computação,Banco de Dados,Linguagens de Consulta,B,tecnologia de computacao - banco de dados - linguagens de consulta,True,True,False,True,False,False
2003-48,2003,48,"Seja a seguinte linguagem, onde $\epsilon$ representa o string vazio e $$$ representa um marcador de fim de entrada:
$$
\begin{align*}
& S \to ABCD \\
& A \to a \mid \epsilon \\
& B \to a \mid \epsilon \\
& C \to c \mid \epsilon \\
& D \to S \mid c \mid \epsilon
\end{align*}
$$
É incorreto afirmar que:","['a) O conjunto FIRST(A) = $a, \\epsilon$', 'b) O conjunto FIRST(D) é igual ao conjunto FIRST(S)', 'c) O conjunto FOLLOW(A) = $$ a, c, \\$ $$', 'd) O conjunto FOLLOW(B) = $$ c, \\$ $$', 'e) O conjunto FOLLOW(D) é igual a FOLLOW(S)']",Tecnologia de Computação,Compiladores,Análise Léxica e Sintática,D,tecnologia de computacao - compiladores - analise lexica e sintatica,True,True,True,True,False,False
2004-22,2004,22,"Quanto vale $k$ no fim da execução do seguinte trecho de código?
```
k = 0;
for (i=1; i <= n; i++)
    for(j = i; j <= n; j++)
        k = k + 1;
```","['a) $n - 1$', 'b) $n$', 'c) $(n^2 - n)/2$', 'd) $n(n + 1)/2$', 'e) $n^3$']",Fundamentos da Computação,Análise de Algoritmos,Análise de Algoritmos Iterativos e Recursivos,D,fundamentos da computacao - analise de algoritmos - analise de algoritmos iterativos e recursivos,True,True,False,False,True,False
2004-23,2004,23,"O programa abaixo, quando executado para $A(1, 2)$, faz quantas chamadas recursivas (excluindo a primeira chamada da função)?
```
int A (int m, int n) {
    if (m == 0) return n + 1;
    else if (n == 0) return A (m - 1, 1);
    else return A (m - 1, A (m, n - 1));
    }
```","['a) 6', 'b) 5', 'c) 4', 'd) 3', 'e) 2']",Fundamentos da Computação,Algoritmos e Estrutura de Dados,Recursividade: Conceito e Implementação,B,fundamentos da computacao - algoritmos e estrutura de dados - recursividade: conceito e implementacao,True,True,False,False,True,False
2004-27,2004,27,"Considere o seguinte programa com dois processos concorrentes. O escalonador poderá alternar entre um e outro, isto é, eles poderão ser intercalados durante sua execução. As variáveis $x$ e $y$ são compartilhadas pelos dois processos e inicializadas antes de sua execução.
```
programa P
int x = 0;
int y = 0;
processo A {
    while (x == 0);
    print(‘‘a’’);
    y = 1;
    y = 0;
    print(‘‘d’’);
    y = 1;
}

processo B {
    print(‘‘b’’);
    x = 1;
    while (y == 0);
    print(""c"");
}
```","['a) `adbc` ou `bcad`', 'b) `badc` ou `bacd`', 'c) `abdc` ou `abcd`', 'd) `dbca` ou `dcab`', 'e) Nenhuma das opções anteriores.']",Fundamentos da Computação,Sistemas Operacionais,"Comunicação, Concorrência e Sincronização de Processos",B,"fundamentos da computacao - sistemas operacionais - comunicacao, concorrencia e sincronizacao de processos",True,True,False,False,True,False
2004-41,2004,41,"Considere as seguintes tabelas em uma base de dados relacional, contendo informações sobre empregados, departamentos e a vinculação entre eles:
```
Departamento (CodDepto, NomeDepto)
Empregado (CodEmp, NomeEmp, CodDepto)
```
Deseja-se obter os nomes dos departamentos (`NomeDepto`) que não estão vinculados a nenhum Empregado. Para obter este resultado a consulta correta em SQL/2 é a seguinte:","['a) \n```\nSELECT NomeDepto\nFROM Departamento D, Empregado E\nWHERE D.CodDepto=E.CodDepto AND\n      E.CodEmp IS NULL\n```', 'b) \n```\nSELECT NomeDepto\nFROM Departamento D\nWHERE EXISTS\n    (SELECT *\n     FROM Empregado E\n     WHERE CodDepto=D.CodDepto)\n```', 'c) \n```\n(SELECT NomeDepto\n  FROM Departamento D)\nEXCEPT\n(SELECT NomeDepto\n FROM Departamento D, Empregado E\n WHERE D.CodDepto=E.CodDepto)\n```', 'd) \n```\nSELECT NomeDepto\nFROM Departamento D, Empregado E\nWHERE D.CodDepto<>E.CodDepto\n```', 'e) \n```\nSELECT NomeDepto\nFROM Departamento D\nWHERE CodDepto IN\n   (SELECT CodDepto\n    FROM Empregado E)\n```']",Tecnologia de Computação,Banco de Dados,Linguagens de Consulta,C,tecnologia de computacao - banco de dados - linguagens de consulta,True,False,False,True,False,False
2004-42,2004,42,"Considere um modelo entidade-relacionamento de uma indústria. Este modelo representa peças com suas propriedades, bem como a composição de peças (peças podem ser usadas na composição de outras peças). Este modelo entidade-relacionamento contém:
- Uma entidade *Peça*, com atributos código e nome e peso.
- Um auto-relacionamento de Peça, chamado *Composição*. Neste auto-relacionamento uma peça tem papel de componente e outra peça papel de *composto*. O auto-relacionamento tem cardinalidade n:n e tem um atributo *quantidade*, que informa quantas unidades da peça componente são usadas na peça composto. \
Uma base de dados relacional que implementa corretamente este modelo entidade-relacionamento e está na terceira forma normal é (chaves primárias estão sublinhadas):","['a) <code>Peca (<u>CodPeca</u>, NomePeca, PesoPeca)\nComposicao(<u>CodPecaComposto</u>, <u>CodPecaComponente</u>, Quantidade) \n Composição\n.CodPecaComposto referencia Peca\nComposição.CodPecaComponente referencia Peca\n```', 'b) <code>Peca (<u>CodPeca</u>, NomePeca, PesoPeca, CodPecaComposto,\nQuantidade)\nPeca.CodPecaComposto referencia Peca', 'c) <code>Peca (<u>CodPeca</u>, NomePeca, PesoPeca)\nComposicao(CodPecaComposto,CodPecaComponente,Quantidade)\nComposição.CodPecaComposto referencia Peca\nComposição.CodPecaComponente referencia Peca</code>', 'd) <code>Peca (<u>CodPeca</u>, NomePeca, PesoPeca, CodPecaComposto,\nCodPecaComponente,Quantidade)\nPeca.CodPecaComposto referencia Peca\nPeca.CodPecaComponente referencia Peca</code>', 'e) <code>Composto (<u>CodPeca</u>, NomePeca, PesoPeca)\nComponente (<u>CodPeca</u>, NomePeca, PesoPeca, CodPecaComposto\nQuantidade)\nComponente.CodPecaComposto referencia Composto</code>']",Tecnologia de Computação,Banco de Dados,Modelagem e Projeto de Banco de Dados,A,tecnologia de computacao - banco de dados - modelagem e projeto de banco de dados,True,False,False,True,False,False
2004-44,2004,44,"Considere as seguintes tabelas em uma base de dados relacional, contendo informações sobre empregados, departamentos e a vinculação entre eles:
```
Departamento (CodDepto, NomeDepto)
Empregado (CodEmp, NomeEmp, CodDepto, SalarioEmp)
```
Considere a seguinte consulta sobre esta base de dados:
```
SELECT D.CodDepto, AVG(SalarioEmp)
FROM Departamento D,
     Empregado E
WHERE E.CodDepto=D.CodDepto AND
      E.SalarioEmp > 300
GROUP BY D.CodDepto
HAVING COUNT(*) > 20
```
Esta consulta SQL tem o seguinte resultado:","['a) Para departamentos com mais que 20 empregados que tenham salário maior que\n300, obter o código do departamento e a média salarial dos empregados do departamento.', 'b) Para departamentos que tem mais que 20 empregados nos quais todos empregados tem salário maior que 300, obter o código do departamento e a média salarial dos empregados que ganham mais que 300.', 'c) Para departamentos que tem mais que 20 empregados nos quais todos empregados tem salário maior que 300, obter o código do departamento e a média salarial dos empregados do departamento.', 'd) Para departamentos que tem mais que 20 empregados, obter o código do departamento e a média salarial dos empregados que ganham mais que 300.', 'e) Para departamentos com mais que 20 empregados que tenham salário maior que\n300, obter o código do departamento e a média salarial dos empregados do departamento que ganham mais que 300.']",Tecnologia de Computação,Banco de Dados,Linguagens de Consulta,E,tecnologia de computacao - banco de dados - linguagens de consulta,True,True,False,False,True,False
2004-53,2004,53,"Considere um algoritmo genético que opera sobre três indivíduos A, B, C, descritos respectivamente pelos vetores binários A = [11011000], B = [00010000], C = [11001101], gerando dois novos indivíduos D = [11011001] e E = [11011000]. \
Os novos indivíduos foram gerados através de:","['a) *Crossover* pelo ponto central dos indivíduos A e C;', 'b) *Crossover* pelo ponto central dos indivíduos A e B;', 'c) *Crossover* pelo ponto central dos indivíduos A e B seguido de mutação de um bit em cada novo indivíduo (D e E);', 'd) *Crossover* pelo ponto central dos indivíduos A e C seguido de mutação de um bit em cada novo indivíduo (D e E);', 'e) *Crossover* pelo ponto central dos indivíduos B e C seguido de mutação de um bit em cada novo indivíduo (D e E).']",Tecnologia de Computação,Inteligência Artificial,"Árvores de Decisão, Redes Neurais e Algoritmos Genéticos",D,"tecnologia de computacao - inteligencia artificial - arvores de decisao, redes neurais e algoritmos geneticos",True,False,True,True,False,False
2004-63,2004,63,"O esquema de tradução dirigida por sintaxe que segue traduz uma linguagem com terminais a, b, c e d em uma linguagem cujos terminais são 1, 2, 3, 4, 5, 6. Usando um parser bottom-up que executa as ações entre parênteses imediatamente após reduzir a regra correspondente, qual o resultado da tradução de “aaadbc”
$$
\begin{align*}
& S \rightarrow AS & \text{\{print ""1""\}} \\
& S \rightarrow B & \text{\{print ""2""\}} \\
& A \rightarrow a & \text{\{print ""3""\}} \\
& B \rightarrow bC & \text{\{print ""4""\}} \\
& B \rightarrow dB & \text{\{print ""5""\}} \\
& C \rightarrow c & \text{\{print ""6""\}}
\end{align*}
$$","['a) 1313132546', 'b) 1113332546', 'c) 3336452111', 'd) 6452111333', 'e) 2546131313']",Tecnologia de Computação,Compiladores,Esquemas de Tradução,C,tecnologia de computacao - compiladores - esquemas de traducao,True,True,False,False,True,False
2004-65,2004,65,"Considere dois sistemas computacionais formados por múltiplos computadores que manipulam dados comuns. No primeiro, existe um computador central, chamado servidor, que é o único responsável pelos serviços de leitura e escrita desses dados. No segundo, existe um grupo de computadores responsáveis pelos serviços de leitura e escrita, e cada um desses servidores deve manter uma réplica idêntica dos dados. \
Entre as vantagens e desvantagens de um único servidor em relação a vários servidores, podemos afirmar que o servidor único apresenta: 

i. Vantagem de maior velocidade de execução das operações de escrita e leitura e desvantagem de maior custo de armazenamento \
ii. Vantagem de não necessitar de coordenação distribuída para ordenação das operações de escrita e desvantagem de menor velocidade nas leituras devido a serialização de operações \
iii. Vantagem de manter mais facilmente a consistência dos dados mas desvantagem de perda de disponibilidade em caso de falha do servidor. 

Dessas afirmativas são verdadeiras:","['a) (ii) e (iii)', 'b) apenas (ii)', 'c) apenas (i)', 'd) (i), (iii)', 'e) (i), (ii) e (iii)']",Tecnologia de Computação,Sistemas Distribuídos,"Compartilhamento de Informação: Controle de Concorrência, Transações Distribuídas",A,"tecnologia de computacao - sistemas distribuidos - compartilhamento de informacao: controle de concorrencia, transacoes distribuidas",True,False,True,True,False,False
2005-21,2005,21,"Considere uma cpu usando uma estrutura pipeline com 5 estágios (IF, ID, EX, MEM, WB) e com memórias de dados e de instruções separadas, sem mecanismo de *data forwarding*, escrita no banco de registradores na borda de subida do *clock* e leitura na borda de descida do *clock* e o conjunto de instruções a seguir:
```
I1: lw  $2, 100($5)
I2: add $1, $2, $3
I3: sub $3, $2, $1
I4: sw  $2, 50($1)
I5: add $2, $3, $3
I6: sub $2, $2, $4
```
Quantos ciclos de *clock* são gastos para a execução deste código?","['a) 30', 'b) 17', 'c) 16', 'd) 11', 'e) 10']",Fundamentos da Computação,Arquitetura e Organização de Computadores,Pipeline,B,fundamentos da computacao - arquitetura e organizacao de computadores - pipeline,True,True,False,False,True,False
2005-25,2005,25,"Uma lista ligada possui a seguinte definição de nó:
```
type ap = ↑no;
     no = record
             info : integer;
             link : ap
          end;
```
Como o procedimento a seguir deve ser complementado para inverter uma lista ligada?
```
procedure inverte(var h: ↑no);
    var p,q : ↑no;
    begin
        if h <> NIL
            then begin
                p := h↑.link;
                h↑.link := NIL;
                while p <> NIL do
                    begin
                    ________;
                    ________;
                    ________;
                    ________;
                    end
                end
    end;
```","['a) `p↑.link:=h; q:=p↑.link; h:=p; p:=q;`', 'b) `q:=p↑.link; h:=p; p:=q; p↑.link:=h;`', 'c) `p↑.link:=h; h:=p; p:=q; q:=p↑.link;`', 'd) `q:=p↑.link; p↑.link:=h; h:=p; p:=q;`', 'e) `p↑.link:=h; h:=p; q:=p↑.link; p:=q;`']",Fundamentos da Computação,Algoritmos e Estrutura de Dados,"Estruturas de Dados Lineares e suas Generalizações: Listas Ordenadas, Listas Encadeadas, Pilhas e Filas",D,"fundamentos da computacao - algoritmos e estrutura de dados - estruturas de dados lineares e suas generalizacoes: listas ordenadas, listas encadeadas, pilhas e filas",True,True,False,False,True,False
2005-31,2005,31,"Considere o programa:
```
program P (input, output);
var m,n : integer;
function FUN ( n : integer): integer;
var x : integer;
begin
    if n < 1 then FUN := 1
    else begin
        x := n * FUN (n-1);
        m := m-1;
        FUN := m+x;
        end;
end;
begin
    readln (m,n);
    writeln (m, n, FUN ( n ) );
end.
```
Este programa, para os valores $m = 5$ e $n = 4$, tem como resultado:","['a) 5, 4, 5', 'b) 5, 4, 120', 'c) 1, 4, 14400', 'd) 5, 4, 165', 'e) 1, 4, 120']",Fundamentos da Computação,Linguagens de Programação,Paradigmas de Linguagens de Programação,D,fundamentos da computacao - linguagens de programacao - paradigmas de linguagens de programacao,True,True,False,False,True,False
2005-32,2005,32,"Considere o algoritmo `máximo(v, i, f)` que devolve o índice de um elemento máximo de $\{v[i], \dots, v[f]\}$:
```
máximo(v, i, f)
    se i = f, devolva i
    p ← máximo(v, i, ⌊(i + f) / 2⌋)
    q ← máximo(v, ⌊(i + f) / 2⌋, f)
    se v[p] \geq v[q], devolva p
    devolva q
```
Considerando $n = f - i + 1$, o número de comparações entre elementos de $v$ numa execução de `máximo(v, i, f)` é","['a) $n \\log_2 n$', 'b) $n/2$', 'c) $n - 1$', 'd) $\\log_2 n$', 'e) $2n$']",Fundamentos da Computação,Análise de Algoritmos,O Uso de Relações de Recorrência para Análise de Algoritmos Recursivos,C,fundamentos da computacao - analise de algoritmos - o uso de relacoes de recorrencia para analise de algoritmos recursivos,True,True,True,False,True,True
2005-35,2005,35,"Em uma estrutura de árvore binária de busca, foram inseridos os elementos “h”, “a”, “b”, “c”, “i”, “j”, nesta sequência. O tamanho do caminho entre um nó qualquer da árvore e a raiz é dada pelo número de arestas neste caminho. Qual o tamanho do maior caminho na árvore, após a inserção dos dados acima?","['a) 2', 'b) 6', 'c) 4', 'd) 5', 'e) 3']",Fundamentos da Computação,Algoritmos e Estrutura de Dados,"Árvores e suas Generalizações: Árvores Binárias, Árvores de Busca e Árvores Balanceadas",E,"fundamentos da computacao - algoritmos e estrutura de dados - arvores e suas generalizacoes: arvores binarias, arvores de busca e arvores balanceadas",True,False,False,False,True,False
2005-36,2005,36,"Quatro tarefas, A, B, C e D, estão prontas para serem executadas num único processador. Seus tempos de execução esperados são 9, 6, 3 e 5 segundos respectivamente. Em qual ordem eles devem ser executados para diminuir o tempo médio de resposta?","['a) C, D, B, A', 'b) A, B, D, C', 'c) C, B, D, A', 'd) A, C, D, B', 'e) O tempo médio de resposta independe da ordem.']",Fundamentos da Computação,Sistemas Operacionais,Gerência de Processos/Processador,A,fundamentos da computacao - sistemas operacionais - gerencia de processos/processador,True,False,True,True,False,False
2005-43,2005,43,"Em um banco de dados relacional, considere os esquemas de relação:
- Pessoa (<u>CPF</u>, Profissao)
- Trabalha (<u>CPF</u>, <u>CGC</u>, Periodo)
- Firma (<u>CGC</u>, nome, endereco)

e considere as operações de álgebra relacional União, Interseção, Diferença, Junção Natural, Projeção e Seleção.

Considere que cada relação tenha 1 milhão de tuplas e que existe um índice no banco de dados para cada chave de relação. Considere as consultas a seguir, supondo que antes do processamento de cada uma nenhum pedaço das relações já esteja na memória.

C1. Quais as profissões de todas as pessoas? \
C2. Qual a profissão da pessoa de CPF = ’X’, onde X é um CPF válido? \
C3. Qual o endereço da firma de CGC diferente de ’Z’, onde Z é um CGC válido? \
C4. Quais os períodos na década 1990-1999 em que ninguém trabalhou, onde o banco de dados contém informações entre 1980 e 2005? 

Qual das consultas acima é mais rápida em termos de operações de E/S? Assinale a afirmação correta.","['a) A consulta C1 porque só exige uma pro jeção na relação Pessoa sem precisar olhar o índice.\nacessar Pessoa.', 'b) A consulta C2 porque pode ser processada diretamente via índice de CPF para acessar Pessoa.', 'c) A consulta C3 porque pode ser processada sequencialmente sobre a relação Firma descartando-se a tupla com CGC de valor Z.\nrelação Trabalha.', 'd) A consulta C4 porque requer apenas selecionar os períodos não cadastrados na relação Trabalha.', 'e) Nada se pode afirmar porque rapidez, neste caso, não pode ser medida.']",Tecnologia de Computação,Banco de Dados,"Sistemas de Gerenciamento de Bancos de Dados (SGBD): Arquitetura, Segurança, Integridade, Concorrência, Recuperação após Falha, Gerenciamento de Transações",B,"tecnologia de computacao - banco de dados - sistemas de gerenciamento de bancos de dados (sgbd): arquitetura, seguranca, integridade, concorrencia, recuperacao apos falha, gerenciamento de transacoes",True,False,True,True,False,False
2005-44,2005,44,"Sejam T1 e T2 duas transações sendo processadas por um SGBD. Os termos lockR lockW correspondem a pedidos de tranca de leitura e gravação, respectivamente, e Unlock liberação de tranca. A, B e C são dados do banco de dados. O trecho a seguir é um pedaço do escalonamento de T1 e T2 definido pelo escalonador do SGBD (o trecho não está completo):
```
start(T1); lockR(T1, A); read (T1, A); start(T2);
lockR(T2, B); read (T2, B); lockW (T1, C); read(T1,C);
write(T1,C); unlock(T1, C); lockW (T1, B); lockW (T2, A); lockR(T2,C);
...
```
Considere as seguintes afirmações:

(I) O trecho mostra um exemplo de aplicação do protocolo 2PL (*two phase lock* ou tranca em 2 fases). \
(II) O trecho viola o protocolo 2PL. \
(III) O trecho mostra um exemplo em que há *deadlock* (impasse) entre T1 e T2. \
(IV) O trecho não tem *deadlock* entre T1 e T2. \
(V) Nada se pode afirmar. \
Estão corretas as afirmações:","['a) Somente (I) e (III)', 'b) Somente (II) e (IV)', 'c) Somente (II) e (III)', 'd) Somente (I) e (IV)', 'e) Somente (V)']",Tecnologia de Computação,Banco de Dados,"Sistemas de Gerenciamento de Bancos de Dados (SGBD): Arquitetura, Segurança, Integridade, Concorrência, Recuperação após Falha, Gerenciamento de Transações",C,"tecnologia de computacao - banco de dados - sistemas de gerenciamento de bancos de dados (sgbd): arquitetura, seguranca, integridade, concorrencia, recuperacao apos falha, gerenciamento de transacoes",True,True,False,False,True,False
2006-18,2006,18,"Um algoritmo probabilístico $A$ resolve problemas de dois tipos:
- Problemas do tipo 1: os quais são resolvidos corretamente com probabilidade 3/4, e correspondem a 1/3 do total de problemas.
- Problemas do tipo 2: os quais são resolvidos corretamente com probabilidade 1/2, e correspondem a 2/3 do total de problemas.

Verifica-se, utilizando algum método determinístico, que a resposta encontrada pelo algoritmo está realmente correta. Qual a probabilidade de que o problema resolvido seja do tipo 1?","['a) 4/9', 'b) 3/4', 'c) 7/12', 'd) 3/7', 'e) 7/3']",Matemática,Probabilidade e Estatística,Probabilidades em Espaços Amostrais Discretos,C,matematica - probabilidade e estatistica - probabilidades em espacos amostrais discretos,True,False,False,True,False,False
2006-21,2006,21,"Considere dois sistemas **A** e **B** compostos por um processador, cache e memória cuja única diferença é a cache de dados. As caches de dados possuem em comum palavras de 2 Bytes, capacidade (por exemplo, 2 KBytes), tamanho de bloco (por exemplo, 8 Bytes por linha) e são implementadas com a mesma tecnologia, porém com organizações diferentes como definidas abaixo:

**(Cache de A)** Cache com mapeamento direto, utilizando políticas *write-through* e *no-write allocate* (escritas não utilizam a cache)\
**(Cache de B)** Cache *4-way set-associative*, utilizando políticas *write-back*, *write-allocate* e LRU

Considere as seguintes afirmações para os sistemas A e B executando um mesmo programa típico:

**(I)** O sistema A deve possuir um *miss rate* maior do que B\
**(II)** O sistema B deve possuir um *hit rate* menor do que A \
**(III)** A cache de dados de A é mais rápida do que a de B\
**(IV)** A cache de dados de A é mais simples de ser implementada do que a de B\
**(V)** Em média, uma escrita de dados no sistema A é mais rápido do que em B \
**(VI)** As caches de dados de A e B possuem o mesmo número de linhas

Quais são as afirmações verdadeiras?","['a) Somente as afirmações (II), (III) e (IV) são verdadeiras', 'b) Somente as afirmações (I), (III) e (VI) são verdadeiras', 'c) Somente as afirmações (I), (III) e (IV) são verdadeiras', 'd) Somente as afirmações (II), (V) e (VI) são verdadeiras', 'e) Todas as afirmações são verdadeiras']",Fundamentos da Computação,Arquitetura e Organização de Computadores,"Organização de Computadores: Memórias, Unidades Centrais de Processamento, Entrada e Saída",C,"fundamentos da computacao - arquitetura e organizacao de computadores - organizacao de computadores: memorias, unidades centrais de processamento, entrada e saida",True,True,True,True,False,False
2006-29,2006,29,"Considere a função Pot que calcula $x^n$ , para $x$ real e $n$ inteiro:
```
Function Pot(x: real; n: integer): real;
   begin
      if x = 0
      then
         Pot := 0
      else 
         if n = 0
         then
            Pot := 1
         else 
            if n < 0
            then
               Pot := 1/Pot(x,abs(n))
            else 
               if odd(n)
               then
                  Pot := x * sqr(Pot(x,(n-1) div 2))
               else
                  Pot := sqr(Pot(x,n div 2))
      end;
```
Seja $T(n)$ o tempo de execução da função Pot para as entradas $x$ e $n$. A ordem de $T(n)$ é","['a) $T(n) = O(1)$', 'b) $T(n) = O(n \\log n)$', 'c) $T(n) = O(n)$', 'd) $T(n) = O(\\log n)$', 'e) $T(n) = O(n^2)$']",Fundamentos da Computação,Análise de Algoritmos,O Uso de Relações de Recorrência para Análise de Algoritmos Recursivos,B,fundamentos da computacao - analise de algoritmos - o uso de relacoes de recorrencia para analise de algoritmos recursivos,True,True,True,True,True,True
2006-33,2006,33,"Como o procedimento abaixo deve ser completado para que ele seja capaz de ordenar um vetor de $n$ elementos $(n \leq 100)$ em ordem crescente.
```
....
type VetorType = array[0..100] of integer;
procedure Ordena(n: integer; var a: VetorType);
   var i,j,x: integer;
   begin
      for i := 2 to n do 
         begin
            x := a[i];
            j := i - 1;
            ___________________;
            While x < a[j] do 
               begin
                  a[i+j] := a[j];
                  __________________;
               end;
            ____________________;
         end;
       end;
```","['a) a[j] := x; j := j - 1; a[j] := x;', 'b) a[i] := x; j := j + 1; a[i] := x;', 'c) a[0] := x; j := j - 1; a[j+1] := x;', 'd) a[i] := x; j := j - 1; a[j+1] := x;', 'e) a[0] := x; j := j + 1; a[j] := x;']",Fundamentos da Computação,Algoritmos e Estrutura de Dados,Algoritmos para Pesquisa e Ordenação,C,fundamentos da computacao - algoritmos e estrutura de dados - algoritmos para pesquisa e ordenacao,True,False,False,False,True,False
2006-35,2006,35,"Que valores são impressos quando o seguinte algoritmo, escrito em Pascal, é executado?
```
Program P;
var a,b: integer;
Procedure Mist(x: integer; var y: integer);
begin
      x:=y+a+1;
      y :=x+b+1
end 
begin
      a:=1; b:=2;
      Mist(a,b);
      Write(a,b)
end.
```","['a) 1 2', 'b) 3 1', 'c) 3 5', 'd) 1 7', 'e) 4 7']",Fundamentos da Computação,Linguagens de Programação,Paradigmas de Linguagens de Programação,D,fundamentos da computacao - linguagens de programacao - paradigmas de linguagens de programacao,True,False,False,False,True,False
2006-36,2006,36,"Seja $G = (V, E)$ um grafo simples conexo não-euleriano. Queremos construir um grafo $H$ que seja euleriano e que contenha $G$ como subgrafo. Considere os seguintes possíveis processos de construção:

(I) Acrescenta-se um novo vértice, ligando-o a cada vértice de $G$ por uma aresta.\
(II) Acrescenta-se um novo vértice, ligando-o a cada vértice de grau ímpar de $G$ por uma aresta.\
(III) Cria-se uma nova cópia $G'$ do grafo $G$ e acrescenta-se uma aresta ligando cada par de vértices correspondentes.\
(IV) Escolhe-se um vértice arbitrário de $G$ e acrescentam-se arestas ligando este vértice a todo vértice de grau ímpar de $G$.\
(V) Duplicam-se todas as arestas de $G$.\
(VI) Acrescentam-se arestas a $G$ até se formar o grafo completo com $\left| V\right|$ vértices.

Quas dos processos acima sempre constroem corretamente o grafo $H$?","['a) Somente (II) e (IV)', 'b) Somente (II), (IV) e (V)', 'c) Somente (III), (V) e (VI)', 'd) Somente (II), (IV), (V) e (VI)', 'e) Somente (I), (III), (IV) e (V)']",Fundamentos da Computação,Teoria dos Grafos,Grafos orientados e não-orientados,B,fundamentos da computacao - teoria dos grafos - grafos orientados e nao-orientados,True,True,False,True,False,False
2006-37,2006,37,"Considere o programa:
```
program p;
   var n: integer;
   function f(n: integer; var k: integer): integer;
      var p,q:integer;
   begin (* f *)
      if n < 2
         then begin
               f :=n;
               k := 0
            end
         else begin
               f := f(n-1, p) + f(n-2, q);
               k := p + q + 1 
            end;
      write(n,' ',k,'; ')
   end (* f *); 
   begin
   n := 4; 
   write (f (3,n) ,n)
   end.
```
Quais os valores impressos pelo programa?","['a) 1 0; 0 0; 2 1; 1 0; 3 2; 2 4', 'b) 1 4; 0 0; 2 1; 1 0; 3 2; 2 2', 'c) 1 0; 0 0; 2 1; 1 0; 3 2; 2 2', 'd) 1 0; 0 0; 2 1; 1 0; 3 2; 2 3', 'e) 1 4; 0 4; 2 4; 1 4; 3 4; 2 4']",Fundamentos da Computação,Linguagens de Programação,Paradigmas de Linguagens de Programação,C,fundamentos da computacao - linguagens de programacao - paradigmas de linguagens de programacao,True,True,False,False,True,False
2006-38,2006,38,"Considere o programa:
```
program p;
   var n: integer;
   function f(n: integer; var k: integer): integer;
      var p,q:integer;
   begin (* f *)
      if n < 2
         then begin
               f :=n;
               k := 0
            end
         else begin
               f := f(n-1, p) + f(n-2, q);
               k := p + q + 1 
            end;
      write(n,' ',k,'; ')
   end (* f *); 
   begin
   n := 4; 
   write (f (3,n) ,n)
   end.
```
A complexidade desse Algoritmo é:","['a) $O(\\log_2 n)$', 'b) $O(n)$', 'c) $O(n \\log_2 n)$', 'd) $\\Omega(n \\log_2 n)$', 'e) $\\Omega(n^2)$']",Fundamentos da Computação,Análise de Algoritmos,O Uso de Relações de Recorrência para Análise de Algoritmos Recursivos,C,fundamentos da computacao - analise de algoritmos - o uso de relacoes de recorrencia para analise de algoritmos recursivos,True,True,True,False,True,True
2006-42,2006,42,"Considere os esquemas das relações abaixo:
- `Empregado(rg, nome, rua, cidade, rg-gerente)`, onde o atributo ”rg” é chave da relação Empregado.
- `Empresa(cod, nome, cidade)`, onde o atributo ”cod” é chave da relação Empresa.
- `Trabalha(rg-emp, cod-empresa, salario)`, onde ”rg-emp” referencia o atributo ”rg” na relação Empregado, ”cod-empresa”referencia o atributo ”cod” na relação Empresa e os atributos ”rg-emp” e ”cod-empresa” formam a chave da relação trabalha.

A consulta expressa em Cálculo Relacional `{e.nome | e` $\in$ `Empregado AND t` $\in$ ` Trabalha AND a` $\in$ `Empresa AND e.rg = t.rg-emp AND t.cod-empresa = a.cod AND e.cidade = a.cidade}` tem como melhor tradução a consulta:","['a) ”Quais são os nomes dos empregados que trabalham na cidade em que moram?”', 'b) ”Quais são os nomes dos gerentes dos empregados que trabalham na cidade em que moram?”', 'c) ”Quais são os nomes dos empregados que trabalham em alguma cidade?”', 'd) ”Quais são os nomes dos gerentes dos empregados?”', 'e) ”Quais os nomes dos empregados que trabalham na cidade em que mora o seu gerente?”']",Tecnologia de Computação,Banco de Dados,Linguagens de Consulta,A,tecnologia de computacao - banco de dados - linguagens de consulta,True,False,False,True,False,False
2006-45,2006,45,"Considere os seguintes esquemas de relação:
```
Departamentos (codDepto, nome, gerente)
Empregados (codEmp, nome, codDepto, salario)
```
Considere também que o atributo codDepto na relação Empregados é uma chave estrangeira que faz referência à relação Departamentos. Suponha a seguinte consulta formulada na linguagem SQL:
```
SELECT d. codDepto
   FROM Empregados e, Departamentos d
      WHERE e. codDepto = d. codDepto
     GROUP BY d. codDepto
     HAVING AVG(sal) > ALL (SELECT e .sal 
        FROM Empregados e, Departamentos d
        WHERE e. codDepto = d. codDepto
           AND d. nome = 'vendas)
```
Escolha, dentre as afirmativas abaixo, a correta:","['a) A consulta retorna os códigos dos departamentos cujos empregados têm salário maior do que a média dos salários dos empregados que trabalham no departamento de vendas.', 'b) A consulta retorna os códigos dos departamentos cujos empregados têm salário maior do que os salários dos empregados que trabalham no departamento de vendas.', 'c) A consulta retorna os códigos dos departamentos cuja média de salário dos seus empregados é maior do que a média dos salários dos empregados que trabalham no departamento de vendas.', 'd) A consulta está formulada incorretamente.', 'e) Nenhuma das afirmativas acima está correta']",Tecnologia de Computação,Banco de Dados,Linguagens de Consulta,E,tecnologia de computacao - banco de dados - linguagens de consulta,True,True,False,True,True,False
2006-56,2006,56,"Suponha que são dados 3 valores inteiros, A, B e C, em ordem decrescente, representando os lados de um triângulo. Cada valor deve estar entre 1 e 100. O programa deve fornecer como saída o tipo do triângulo (equilátero, isósceles, escaleno, retângulo) ou a mensagem ""entradas inválidas"" caso os valores não representem um triângulo válido. Qual dos conjuntos de teste abaixo poderiam ser usados nos testes de valores-limite para esse programa?","['a) (5, 3, 4), (0, 0, 0), (10, 5, 5)', 'b) (101, 20, 5), (1, 0, 0), (30, 1, -1)', 'c) (3, 4, 7), (12, 9, 6), (1,1,1)', 'd) (2, 2, 2), (3, 5, 8), (5, 5, 5)', 'e) (0,0,0), (minint, maxint, maxint), (0, 0, -1) onde maxint representa o maior inteiro possível e minint, o menor.']",Tecnologia de Computação,Engenharia de Software,"Verificação, Validação e Teste",B,"tecnologia de computacao - engenharia de software - verificacao, validacao e teste",True,True,False,True,False,False
2006-57,2006,57,"O código abaixo implementa uma função que calcula o MDC de dois números inteiros usando o algoritmo de Euclides:
```
   function mdc (int a, int b) 
   int temp, value;
   a := abs(a);
   b:= abs(b);
   if (a = 0) then
      value := b;    // b é o MDC
   else if (b = 0) then
      exceção;
      else
         repeat
            temp := b;
            b:= a mod b;
            a := temp;
         until (b = 0)
         value := a;
      end if;
   return value;
end mdc
```
Qual dos conjuntos de teste dados a seguir poderiam ser usados para atender ao critério de todos os ramos?","['a) $\\{(0, 3), (4, -2), (5, 4)\\}$', 'b) $\\{(0, -1), (4, 0), (-1, 0)\\}$', 'c) $\\{(6, 3), (4, 2), (0, 0)\\}$', 'd) $\\{(12, 9), (0, 2), (4, 0)\\}$', 'e) $\\{(3, 5), (-1, -1), (9, 4)\\}$']",Tecnologia de Computação,Engenharia de Software,"Verificação, Validação e Teste",D,"tecnologia de computacao - engenharia de software - verificacao, validacao e teste",True,True,False,False,True,False
2006-63,2006,63,"Considere o programa Prolog:
```  
blabla([ ],L,L).
blabla([X|L1],L2,[X|L3]):- blabla(L1,L2,L3).
```
Quantas possíveis respostas a interrogação abaixo fornece (considerando o *backtracking*)?
```
?- blabla(L1,L2,[a,b]).
```","['a) 1', 'b) 2', 'c) 3', 'd) 4', 'e) 5']",Tecnologia de Computação,Inteligência Artificial,Programação em Lógica,C,tecnologia de computacao - inteligencia artificial - programacao em logica,True,True,False,False,True,False
2007-02,2007,2,"Para o processamento de um programa com 20 módulos independentes, pretende-se utilizar dois grupos de processadores em paralelo, $X$ e $Y$. Para organizar esses grupos, contamos com 48 processadores, sendo que dois deles estão sujeitos a falhas. O grupo $X$ somente pode conter oito processadores e nenhum deles pode apresentar falhas. Nenhuma restrição foi especificada para o grupo $Y$.

Nessa situação representada pela combinação de $m$ elementos $p$ a $p$ e pelo arranjo de $m$ elementos $p$ a $p$, conclui-se que a quantidade de maneiras distintas de apresentar a organização dos processadores é igual a","['a) $C(48, 8) \\times C(40, 12)$', 'b) $A(48, 8) \\times A(40, 12)$', 'c) $C(46, 8) \\times C(40, 12)$', 'd) $A(46, 8) \\times A(40, 12)$', 'e) $A(46, 8) \\times C(40, 12)$']",Matemática,Análise Combinatória,Combinações,C,matematica - analise combinatoria - combinacoes,True,False,False,True,False,False
2007-20,2007,20,"Suponha agora que o programa é executado e se aguarda até 50 minutos para seu término. Se após esse período a execução não está terminada, então o programa é interrompido e reiniciado. A srgunda execução sempre vai até o final.

O tempo  médio até o final da execução do programa quando utilizamos esse procedimento é","['a) 55', 'b) 62,5', 'c) 60', 'd) 49,5', 'e) 67,5']",Matemática,Probabilidade e Estatística,Esperança Matemática,E,matematica - probabilidade e estatistica - esperanca matematica,True,False,False,True,False,False
2007-23,2007,23,"Seja $T$ uma árvore AVL vazia. Supondo que os elementos 5, 10, 11, 7, 9, 3 e 6 sejam inseridos nessa ordem em $T$, indique a sequência abaixo que corresponde a um percurso de $T$ em pós-ordem.","['a) 3, 5, 6, 7, 9, 10 e 11.', 'b) 7, 5, 3, 6, 10, 9 e 11.', 'c) 9, 10, 7, 6, 11, 5 e 3.', 'd) 11, 10, 9, 7, 6, 5 e 3.', 'e) 3, 6, 5, 9, 11, 10 e 7.']",Fundamentos da Computação,Algoritmos e Estrutura de Dados,"Árvores e suas Generalizações: Árvores Binárias, Árvores de Busca e Árvores Balanceadas",E,"fundamentos da computacao - algoritmos e estrutura de dados - arvores e suas generalizacoes: arvores binarias, arvores de busca e arvores balanceadas",True,True,False,False,True,False
2007-24,2007,24,"Considere um arquivo texto que contenha uma mensagem de 10.000 caracteres utilizando os caracteres A, B e C, com probabilidades 0,1, 0,1 e 0,8 respectivamente. Ao utilizar o *algoritmo de Huffman* para compressão/codificação do referido texto, as seguintes afirmativas são apresentadas.

I. O comprimento médio dos códigos para os referidos caracteres é 1, 2. \
II. Se forem utilizados todos os pares possíveis de símbolos para a construção da
árvore de *Huffman*, então o comprimento médio dos códigos para os referidos pares é menor que 1, 2 por caractere. \
III. A codificação de *Huffman* a partir de todos os pares possíveis de caracteres sempre produz códigos de menor comprimento médio.

Os dados acima permitem afirmar que","['a) apenas a afirmativa I é verdadeira.', 'b) apenas as afirmativas I e II são verdadeiras.', 'c) apenas as afirmativas I e III são verdadeiras.', 'd) apenas as afirmativas II e III são verdadeiras.', 'e) todas as afirmativas são verdadeiras.']",Fundamentos da Computação,Algoritmos e Estrutura de Dados,Metodologia de Desenvolvimento de Algoritmos,B,fundamentos da computacao - algoritmos e estrutura de dados - metodologia de desenvolvimento de algoritmos,True,False,True,True,True,False
2007-30,2007,30,"Suponha que tenhamos à nossa disposição um algoritmo `MULT` que efetua a multiplicação de duas matrizes $ A_{p \times q} $ e $ B_{q \times r} $ dadas como entrada com $ p \times q \times r $ multiplicações de escalares. Esse algoritmo é, então, usado para definir o seguinte problema de decisão chamado `MULTMAT`:

**ENTRADA**: vetor $ p[0], p[1], \ldots, p[n] $, um inteiro positivo $ m $.\
**QUESTÃO**: existe uma sequência de multiplicações de duas matrizes com o algoritmo `MULT` que produz o resultado de $ A_1A_2 \cdots A_n $, em que cada $ A_i $, para todo $ i \in \{ 1, 2, \ldots, n \} $, é uma matriz de dimensões $ p[i - 1] \times p[i] $, com $ m $ multiplicações de escalares no máximo?

Considere as seguintes afirmativas.

**I.** O algoritmo abaixo demonstra que `MULTMAT` está na classe de problemas $ P $.
```
Chamada: MULTMAT(p, m)
1: q ← Q(p, 0, n)
2: se q \leq m então
3:     retorna “Sim”
4: retorna “Não”

Chamada: Q(p, i, j)
5: se i = j então
6:     retorna 0
7: q ← \infty
8: para k ← i, i + 1, ..., j - 1 faça
9:     r ← Q(p, i, k) + Q(p, k + 1, j) + p[i - 1]p[k]p[j]
10:    se r < q então
11:        q ← r
12: retorna q
```
**II.** `MULTMAT` está na classe de problemas $ NP $.\
**III.** Se I e II são corretas, então $P = NP$.

Assinale a alternativa que apresenta a(s) afirmativa(s) CORRETA(S).","['a) Somente a afirmativa I.', 'b) Somente a afirmativa II.', 'c) Somente a afirmativa III.', 'd) Somente as afirmativas II e III.', 'e) Somente as afirmativas I, II e III.']",Fundamentos da Computação,Análise de Algoritmos,O Uso de Relações de Recorrência para Análise de Algoritmos Recursivos,B,fundamentos da computacao - analise de algoritmos - o uso de relacoes de recorrencia para analise de algoritmos recursivos,True,True,True,True,True,False
2007-31,2007,31,"Considere o problema do caixeiro viajante, definido como se segue.\
Sejam $S$ um conjunto de n $n \geq 0$ cidades, e $d_{ij} > 0$ a distância entre as cidades $i$ e $j$, $i, j \in S, i \neq j$. Define-se um *percurso fechado* como sendo um percurso que parte de uma cidade $i \in S$, passa exatamente uma vez por cada cidade de $S \setminus \{i\}$, e retorna à cidade de origem. A distância de um percurso fechado é definida como sendo a soma das distâncias entre cidades consecutivas no percurso. Deseja-se encontrar um percurso fechado de distância mínima. Suponha um algoritmo guloso que, partindo da cidade 1, move-se para a cidade mais próxima ainda não visitada e que repita esse processo até passar por todas as cidades, retornando à cidade 1.\
Considere as seguintes afirmativas.

I. Todo percurso fechado obtido com esse algoritmo tem distância mínima.\
II. O problema do caixeiro viajante pode ser resolvido com um algoritmo de complexidade linear no número de cidades.\
III. Dado que todo percurso fechado corresponde a uma permutação das cidades, existe um algoritmo de complexidade exponencial no número de cidades para o problema do caixeiro viajante.

Em relação a essas afirmativas, pode-se afirmar que","['a) I é falsa e III é correta.', 'b) I, II e III são corretas.', 'c) apenas I e II são corretas.', 'd) apenas I e III são falsas.', 'e) I, II e III são falsas.']",Fundamentos da Computação,Algoritmos e Estrutura de Dados,"Técnicas de Projeto de Algoritmos: Método da Força Bruta, Pesquisa Exaustiva, Algoritmo Guloso, Dividir e Conquistar, “Backtracking” e Heurísticas",A,"fundamentos da computacao - algoritmos e estrutura de dados - tecnicas de projeto de algoritmos: metodo da forca bruta, pesquisa exaustiva, algoritmo guloso, dividir e conquistar, “backtracking” e heuristicas",True,False,True,True,True,True
2007-38,2007,38,"Dado o seguinte programa escrito em C:
```
#include <stdio.h>

int main(void)
{
   int n[] = {7, 8, 9};
   int *p;

   p = &n[0];
   p++;
   printf(""Valor: %d "", *p);
   (*p)++;
   printf(""Valor: %d\n"", *p);
}
```
Qual é a resposta que será impressa na tela:","['a) Valor: 7 Valor: 8', 'b) Valor: 7 Valor: 7', 'c) Valor: 8 Valor: 9', 'd) Valor: 7 Valor: 9', 'e) Valor: 9 Valor: 9']",Fundamentos da Computação,Linguagens de Programação,Paradigmas de Linguagens de Programação,C,fundamentos da computacao - linguagens de programacao - paradigmas de linguagens de programacao,True,False,False,False,True,False
2007-41,2007,41,"Considere um banco de dados com as seguintes tabelas e campos:
$$
\begin{align*}
\begin{array}{l}
\textnormal{ALUNOS (nome-aluno, código-aluno, cidade, código-curso)} \\
\textnormal{CURSOS (nome-curso, código-curso, carga-horária)}
\end{array}
\end{align*}
$$
Assinale a alternativa que apresenta a forma mais otimizada de realizar a consulta
*“encontrar o nome dos alunos que pertencem ao curso Computação”*. (operações em ordem de execução)","['a) Junção de cursos com alunos, seleção de linhas em que nome-curso = “Computação”, projeção do resultado sobre nome-aluno.', 'b) Junção de cursos com alunos, pro jeção do resultado sobre nome-aluno, seleção de linhas em que nome-curso = “Computação”.', 'c) Seleção de linhas em cursos em que nome-curso = “Computação”, projeção do resultado sobre código-curso, junção com alunos, projeção do resultado sobre nome-aluno.', 'd) Seleção de linhas em cursos em que nome-curso = “Computação”, junção com alunos, pro jeção do resultado sobre nome-aluno.', 'e) Seleção de linhas em cursos em que nome-curso = “Computação”, projeção do resultado sobre nome-aluno.']",Tecnologia de Computação,Banco de Dados,Linguagens de Consulta,C,tecnologia de computacao - banco de dados - linguagens de consulta,True,True,False,True,True,False
2007-42,2007,42,"Considere o conteúdo do arquivo de *log* abaixo, em que um registro $\langle T_i, \text{start} \rangle$ indica o início da transação $T_i$, um registro $\langle T_i, \text{commit} \rangle$ indica o seu final, e $IA, IB, \ldots$ indicam os itens afetados pelas transações. Assim, no registro $\langle T_1, IA, 200, 500 \rangle$, temos respectivamente $T_1$ como um identificador de transação, $IA$ como o item afetado, 200 o seu valor antigo e 500 o seu novo valor. Os números sequenciais indicam o *timestamping* da ação.

1\. $\langle T_1, \text{start} \rangle$ \
2. $\langle T_1, IA, 200, 500 \rangle$ \
3. $\langle T_2, \text{start} \rangle$ \
4. $\langle T_2, IB, 400, 500 \rangle$ \
5. $\langle T_1, IC, 560, 340 \rangle$ \
6. $\langle T_2, ID, 659, 333 \rangle$ \
7. $\langle T_2, \text{commit} \rangle$ \
8. CHECKPOINT \
9. $\langle T_3, \text{start} \rangle$ \
10. $\langle T_1, IE, 2234, 344 \rangle$ \
11. $\langle T_3, IF, 445, 559 \rangle$ \
12. $\langle T_3, \text{commit} \rangle$ \
13. FALHA

Note que no tempo 8 ocorreu um *checkpoint* e que, no tempo 13, ocorreu uma falha de sistema (por exemplo, uma falta de energia). Considere que está sendo utilizada a técnica de atualização imediata do banco de dados, estratégia que também é conhecida como algoritmo UNDO/REDO.

Avalie as seguintes afirmativas.

I. A transação $T_1$ deverá ser refeita (REDO).\
II. A transação $T_1$ deverá ser desfeita (UNDO).\
III. A transação $T_2$ deverá ser refeita (REDO).\
IV. A transação $T_2$ deverá ser desfeita (UNDO).\
V. A transação $T_3$ deverá ser refeita (REDO).\
VI. A transação $T_3$ deverá ser desfeita (UNDO).\
IX. Não é preciso fazer nada com respeito à transação $T_3$.

Com base nessas afirmativas, assinale a alternativa que apresenta os três itens CORRETOS.","['a) VIII, V e II.', 'b) VII, IV e VI.', 'c) VIII, VI e I.', 'd) IX, III e I.', 'e) VII, VI e III.']",Tecnologia de Computação,Banco de Dados,"Sistemas de Gerenciamento de Bancos de Dados (SGBD): Arquitetura, Segurança, Integridade, Concorrência, Recuperação após Falha, Gerenciamento de Transações",A,"tecnologia de computacao - banco de dados - sistemas de gerenciamento de bancos de dados (sgbd): arquitetura, seguranca, integridade, concorrencia, recuperacao apos falha, gerenciamento de transacoes",True,True,False,True,True,False
2007-43,2007,43,"Considere que um Banco de Dados Distribuído siga o protocolo TWO-PHASED COM-MIT e que o nodo **X** tenha retornado uma resposta negativa na primeira fase, indicando que não pode realizar a operação que lhe cabe.\
Nesse caso, durante a segunda fase, o coordenador da transação deverá","['a) avisar o nodo **X** para completar a tarefa de qualquer forma porque os demais nodos participantes também deverão completar a transaçaõ.', 'b) avisar o nodo **X** para não completar a tarefa e avisar os demais nodos participantes para completarem a transação.', 'c) completar ele mesmo a tarefa que cabia ao nodo **X** e avisar aos demais nodos participantes para completarem a transação.', 'd) avisar a todos os nodos participantes para completarem a transação.', 'e) avisar a todos os nodos participantes para não completarem a transação.']",Tecnologia de Computação,Sistemas Distribuídos,"Compartilhamento de Informação: Controle de Concorrência, Transações Distribuídas",E,"tecnologia de computacao - sistemas distribuidos - compartilhamento de informacao: controle de concorrencia, transacoes distribuidas",True,False,False,False,True,False
2007-45,2007,45,"Considere a gramática regular abaixo onde $+_{i}$ e $x_{i}$ são operadores unários e $n,m > 0$
$$
\begin{array}{l}
A \rightarrow +_{1}B \mid +_{2}B \mid \ldots \mid +_{n}B \mid B \\
B \rightarrow x_{1}B \mid x_{2}B \mid \ldots \mid x_{m}B \mid \mathit{id}
\end{array}
$$
Nesse caso, é **CORRETO** afirmar que","['a) sua tabela SLR tem $2n + 2m + 4$ estados.', 'b) sua tabela SLR tem $2^n + 2^m + 4$ estados.', 'c) sua tabela SLR tem $2(n - 2)(m - 2)$ estados.', 'd) sua tabela SLR tem $2(n + 2)(m + 2)$ estados.', 'e) sua tabela SLR tem $2n + 2(m + 2)$ estados.']",Tecnologia de Computação,Compiladores,Análise Léxica e Sintática,ANULADA,tecnologia de computacao - compiladores - analise lexica e sintatica,True,True,True,True,False,False
2007-47,2007,47,"Considere a gramática *G* abaixo, em que $\epsilon$ representa o *string* nulo.
$$
\begin{array}{l}
S \rightarrow B \mid C \mid D \\
A \rightarrow \epsilon \\
B \rightarrow d \\
C \rightarrow Aac \mid bAc \\
D \rightarrow Bcd \mid bBa
\end{array}
$$
A esse respeito, analise as seguintes afirmativas.

I. *G* é SLR(1)\
II. *G* é LALR(1)\
III. *G* é LR(1)

A análise permite concluir que","['a) somente as afirmativas I e II são verdadeiras.', 'b) somente as afirmativas II e III são verdadeiras.', 'c) somente a afirmativa III é verdadeira.', 'd) todas as afirmativas são verdadeiras.', 'e) nenhuma afirmativa é verdadeira.']",Tecnologia de Computação,Compiladores,Compiladores e Interpretadores,D,tecnologia de computacao - compiladores - compiladores e interpretadores,True,True,True,True,False,False
2007-50,2007,50,"Seja o plano definido pelos pontos $A(10, 0, 0)$, $B (0, 10, 0)$ e $C (2, 2, 20)$. A pro jeção do ponto $D(20, 20, 10)$ sobre esse plano segundo a direção de projeção $U=(-5, -10, -15)$ é","['a) $(300/13, 40/13, -100/13)$', 'b) $(150/13, 80/13, -200/13)$', 'c) $(300/13, 80/13, -100/13)$', 'd) $(150/13, 40/13, -200/13)$', 'e) $(300/13, 80/13, -200/13)$']",Tecnologia de Computação,Computação Gráfica,Transformações de Projeção Paralela e Perspectiva,D,tecnologia de computacao - computacao grafica - transformacoes de projecao paralela e perspectiva,True,False,False,True,False,False
2008-02,2008,2,"Considere que as transações **T1 e T2** abaixo possam ocorrer simultaneamente.
```
T1:
Leitura(A);
A = A + 100;
Escrita(A);
Leitura(B);
B = B - 100;
Escrita(B);
```
```
T2:
Leitura(B);
Leitura(A);
Print (A+B);
```
Analise as seguintes situações.

I. A operação Leitura(A) de **T2** é executada após a operação Escrita(A) e antes da operação Leitura(B) de **T1**. Entretanto, a operação Escrita(B) de **T1** causa uma violação de integridade, e a transação T1 é abortada, sendo suas operações desfeitas.\
II. Após as operações da transação **T1** terem sido executadas, é enviada uma mensagem ao usuário informando que a transação foi completada com êxito. Entretanto, antes que os buffers relativos a **T1** sejam descarregados para o meio físico, ocorre uma falha, e os dados não são efetivamente gravados.\
As propriedades das transações que foram violadas nessas duas situações são, **respectivamente**,","['a) Atomicidade e Consistência.', 'b) Durabilidade e Atomicidade.', 'c) Atomicidade e Durabilidade.', 'd) Durabilidade e Isolamento.', 'e) Isolamento e Durabilidade.']",Tecnologia de Computação,Banco de Dados,"Sistemas de Gerenciamento de Bancos de Dados (SGBD): Arquitetura, Segurança, Integridade, Concorrência, Recuperação após Falha, Gerenciamento de Transações",E,"tecnologia de computacao - banco de dados - sistemas de gerenciamento de bancos de dados (sgbd): arquitetura, seguranca, integridade, concorrencia, recuperacao apos falha, gerenciamento de transacoes",True,False,True,True,False,False
2008-03,2008,3,"Considere as imagens $I_1$, dada por $I_1(i,j) = 9((i+j)\mod 2)$, e $I_2$, \, dada por $I_2(i,j) = 9((i+j)\mod 3)$, 
representadas nas tabelas abaixo para dimensões $ 5 \times 5 $:\
Imagem $ I_1 $:

| 0 | 9 | 0 | 9 | 0 |
|---|---|---|---|---|
| 9 | 0 | 9 | 0 | 9 |
| 0 | 9 | 0 | 9 | 0 |
| 9 | 0 | 9 | 0 | 9 |
| 0 | 9 | 0 | 9 | 0 |

Imagem $ I_2 $:

| 0 | 9 | 18 | 0 | 9 |
|---|---|---|---|---|
| 9 | 18 | 0 | 9 | 18 |
| 18 | 0 | 9 | 18 | 0 |
| 0 | 9 | 18 | 0 | 9 |
| 9 | 18 | 0 | 9 | 18 |

Dada a janela $ V(i,j) $ de dimensões $ 3 \times 3 $ centrada no pixel $ (i,j) $ de uma imagem $ I $, considere os filtros que atribuem a $ (i,j) $ o valor dado pela média e pela mediana dos valores de $ I $ em $ V(i,j) $.","['a) aplicando-se o filtro da média a $I_1$ , toda a imagem assume um mesmo valor.', 'b) aplicando-se o filtro da mediana a $I_2$ , toda a imagem assume o mesmo valor.', 'c) aplicando-se os filtros da média e da mediana à imagem $I_1$, obtém-se o mesmo resultado.', 'd) aplicando-se os filtros da média e da mediana à imagem $I_2$, não se obtém o mesmo resultado.', 'e) nenhuma das alternativas anteriores é correta.']",Tecnologia de Computação,Processamento de Imagens,Filtragem e Restauração,B,tecnologia de computacao - processamento de imagens - filtragem e restauracao,True,True,False,False,True,False
2008-13,2008,13,"Observe a seguinte gramática:
```
  DECL → IF | a
  IF → if ( EXP ) DECL ELSE
  ELSE → else DECL | \epsilon
  EXP → 1 | 0
```
Sendo `$` o símbolo que representa final de arquivo, é CORRETO afirmar que","['a) `FIRST(DECL) = {if, a}` e `FOLLOW(DECL) = {$}`', 'b) `FOLLOW(DECL) = FOLLOW(IF) = FOLLOW(ELSE) = {$, else}`', 'c) `FIRST(DECL) = FIRST (IF) = {if}`', 'd) `FIRST(ELSE) = {else}` e `FOLLOW(ELSE) = {$}`', 'e) `FIRST(EXP) = {0,1}` e `FOLLOW(EXP) = { ), $}`']",Tecnologia de Computação,Compiladores,Análise Léxica e Sintática,B,tecnologia de computacao - compiladores - analise lexica e sintatica,True,True,True,True,False,False
2008-15,2008,15,"Dada a seguinte função escrita na linguagem de programação C:
```
void _________(int xi, int yi, int xf, int yf, int cor)
{
  int x, y;
  float a;

  a = (yf - yi) / (xf - xi);
  for (x = xi; x <= xf; x++)
    {
    y = (yi + a * (x - xi));
    putpixel(x, y, cor);
  }
}
```
Considere que a função `putpixel` plota um pixel de cada vez na tela em modo gráfico, na posição (x, y) com a cor especificada. Essa função plota na tela do computador","['a) uma elipse.', 'b) um retângulo.', 'c) uma linha.', 'd) um círculo.', 'e) um triângulo.']",Tecnologia de Computação,Computação Gráfica,Visualização,C,tecnologia de computacao - computacao grafica - visualizacao,True,False,True,False,True,False
2008-34,2008,34,"O trecho de código em linguagem de montagem do MIPS64 a seguir faz a soma do conteúdo de dois vetores, armazenando o resultado em um terceiro vetor.
```
LOOP: ld R1, A(R5) ;; R1 = MEM[A+R5]

ld R2, B(R5) ;; R2 = MEM[B+r5]

dadd R3, R1, R2 ;; R3 = R1 + r2

sd R3, C(R5) ;; MEM[C+r5] = R3

daddi R5, R5, -8 ;; R5 = R5 -8

bnez R5, loop ;; IF R5 <> 0 THEn PC=LOOP

nop
```
Assinale a alternativa que indica quantas dependências diretas, antidependências e dependências de saída respectivamente, podem ser encontradas nesse trecho de código.","['a) 3, 1, 1', 'b) 4, 3, 0', 'c) 2, 2, 1', 'd) 1, 2, 3', 'e) Nenhuma das respostas anteriores.']",Fundamentos da Computação,Arquitetura e Organização de Computadores,Linguagens de Montagem,B,fundamentos da computacao - arquitetura e organizacao de computadores - linguagens de montagem,True,True,False,False,True,False
2008-36,2008,36,"Assuma que um programa tem um *profile* de execução onde 85% das instruções são simples (tais como AND, XOR, ADD e BRANCH) e os 15% restantes são instruções complexas (tais como MUL e DIV). Adicionalmente, considere que as instruções simples precisam de 2 ciclos de máquina e as complexas precisam de 12 ciclos em uma máquina CISC (cada ciclo = 10 ns). Em uma máquina RISC, as instruções simples serão executadas em 1 ciclo, enquanto que as instruções complexas deverão ser simuladas por software necessitando, em média, 20 ciclos por instrução. Devido a sua simplicidade, o tempo de ciclo em uma máquina RISC é de 8 ns. Considere também que o programa precisou de 100.000.000 instruções para ser completado. 

Qual o tempo gasto em segundos na execução desse programa, respectivamente, nas máquinas CISC e RISC?","['a) 1 e 0,8', 'b) 3,5 e 3,08', 'c) 10 e 12,8', 'd) 8,5 e 1,5', 'e) 14 e 16,8']",Fundamentos da Computação,Arquitetura e Organização de Computadores,Arquiteturas RISC e CISC,B,fundamentos da computacao - arquitetura e organizacao de computadores - arquiteturas risc e cisc,True,False,False,True,False,False
2008-44,2008,44,"Considere a seguinte gramática *G* , onde *S* é o símbolo inicial:
$$
\begin{array}{l}
S \rightarrow AcB \\
A \rightarrow cA \mid aB \\
B \rightarrow cB \mid aA \\
A \rightarrow \varepsilon
\end{array}
$$
Assinale a alternativa que apresenta a palavra que **NÃO** pertence à linguagem gerada pela gramática *G*.","['a) $ccca$', 'b) $aaca$', 'c) $aaaca$', 'd) $ccac$', 'e) $aaa$']",Fundamentos da Computação,"Linguagens Formais, Autômatos e Computabilidade","Linguagens Regulares, Livres-de-Contexto e Sensíveis-ao-Contexto",E,"fundamentos da computacao - linguagens formais, automatos e computabilidade - linguagens regulares, livres-de-contexto e sensiveis-ao-contexto",True,True,False,False,True,False
2008-59,2008,59,"O curso de Matemática de uma universidade tem 500 alunos. As disciplinas de Álgebra, Cálculo e Geometria têm 100, 120 e 80 alunos matriculados, respectivamente. O número de alunos matriculados em Álgebra e Geometria, mas não em Cálculo é 20. O número de alunos matriculados em Cálculo, mas não em Álgebra nem em Geometria é 55. \
Considere as seguintes afirmativas.

I. A probabilidade de um aluno da universidade estar matriculado em pelo menos uma dessas três disciplinas é menor que 50%. \
II. A probabilidade de um aluno matriculado em Cálculo estar também matriculado em Geometria é 25%. \
III. Nenhum aluno está matriculado simultaneamente nas três disciplinas. 

Com base na situação descrita, assinale a alternativa CORRETA.","['a) Apenas a afirmativa II é verdadeira.', 'b) Apenas a afirmativa III é verdadeira.', 'c) Apenas a afirmativa I é verdadeira.', 'd) Todas as afirmativas são verdadeiras.', 'e) Todas as afirmativas são falsas.']",Matemática,Probabilidade e Estatística,Probabilidades em Espaços Amostrais Discretos,D,matematica - probabilidade e estatistica - probabilidades em espacos amostrais discretos,True,True,False,True,False,False
2008-61,2008,61,"Uma empresa precisa instalar um servidor de modo a atender três outros computadores localizados nos pontos $A(0;1)$, $B(0;-1)$ e $C(3; 0)$. \
Em qual ponto $P$ o servidor deve ser instalado de modo a minimizar a soma das distâncias de $P$ a $A$, $B$ e $C$?","['a) $(\\frac{\\sqrt3}{3};0)$', 'b) $(0; 0)$', 'c) $(3; 0)$', 'd) $(\\frac{3}{2}; 0)$', 'e) $(\\frac{2\\sqrt3}{3};0)$']",Matemática,Geometria Analítica,"Posições Relativas, Interseções, Distâncias e Ângulos",A,"matematica - geometria analitica - posicoes relativas, intersecoes, distancias e angulos",True,False,False,True,False,False
2008-70,2008,70,"Considere que 14 cópias de uma mesma tarefa devem ser executadas paralelamente por agentes idênticos, organizados em dois sistemas multiagentes, SMA-A e SMA-B. O sistema SMA-A é formado por 16 agentes e o sistema SMA-B é formado por 32 agentes. Seja $C(m, p)$ a combinação de $m$ elementos $p$ a $p$. 

Assinale fórmula que representa a quantidade de maneiras diferentes de escolher os agentes, no caso em que pelo menos uma tarefa deve ser executada por algum agente do sistema SMA-B.","['a) $C(48,14) - C(16,14)$', 'b) $C(32,1) \\times C(47,13)$', 'c) $C(48,1) \\times C(16,13)$', 'd) $C(32,1) \\times C(48,13)$', 'e) $C(32,1) \\times C(48,1) - C(32,14)$']",Matemática,Análise Combinatória,Combinações,A,matematica - analise combinatoria - combinacoes,True,False,False,True,False,False
2009-15,2009,15,"Existem três suspeitos de invadir uma rede de computadores: André, Bruna e Carlos. Sabe-se que a invasão foi efetivamente cometida por um ou por mais de um deles, já que podem ter agido individualmente ou não. Sabe-se, ainda, que:

I. Se André é inocente, então Bruna é culpada. \
II. Ou Carlos é culpado ou Bruna é culpada, mas não os dois. \
III. Carlos não é inocente. 

Com base nestas considerações, conclui-se que:","['a) Somente André é inocente.', 'b) Somente Bruna é culpada.', 'c) Somente Carlos é culpado.', 'd) São culpados apenas Bruna e Carlos.', 'e) São culpados apenas André e Carlos.']",Matemática,Lógica Matemática,Lógica Proposicional e de Predicados,E,matematica - logica matematica - logica proposicional e de predicados,True,False,False,True,False,False
2009-20,2009,20,"Três empresas, X, Y e Z estão competindo por clientes, usando uma campanha de marketing. \
Como resultado dessa campanha, houve a seguinte mudança de clientes:
- 7% dos clientes de X trocam para Y
- 5% dos clientes de X trocam para Z
- 14% dos clientes de Y trocam para X
- 8% dos clientes de Y trocam para Z
- 3% dos clientes de Z trocam para X
- 5% dos clientes de Z trocam para Y

Se no início da campanha a distribuição de clientes era

- 39% para X
- 26% para Y
- 35% para Z

Que operação matricial pode ser usada para representar o cálculo da distribuição de clientes após o fim da campanha?","['a) $$\\begin{bmatrix}0,39 \\\\0,26 \\\\0,35\\end{bmatrix} \\times \\begin{bmatrix}0,12 & 0,14 & 0,03 \\\\0,07 & 0,22 & 0,05 \\\\0,05 & 0,08 & 0,08\\end{bmatrix}$$', 'b) $$\\begin{bmatrix}0,12 & 0,14 & 0,03 \\\\0,07 & 0,22 & 0,05 \\\\0,05 & 0,08 & 0,08\\end{bmatrix} \\times \\begin{bmatrix}0,39 \\\\0,26 \\\\0,35\\end{bmatrix}$$', 'c) $$\\begin{bmatrix}0,39 \\\\0,26 \\\\0,35\\end{bmatrix} \\times \\begin{bmatrix}0,88 & 0,14 & 0,03 \\\\0,07 & 0,78 & 0,05 \\\\0,05 & 0,08 & 0,92\\end{bmatrix}$$', 'd) $$\\begin{bmatrix}0,88 & 0,14 & 0,03 \\\\0,07 & 0,78 & 0,05 \\\\0,05 & 0,08 & 0,92\\end{bmatrix} \\times \\begin{bmatrix}0,39 \\\\0,26 \\\\0,35\\end{bmatrix}$$', 'e) Nenhuma das respostas anteriores.']",Matemática,Álgebra Linear,Transformações Lineares e Matrizes,D,matematica - algebra linear - transformacoes lineares e matrizes,True,False,False,True,False,False
2009-21,2009,21,"A sequência de Fibonacci é uma sequência de inteiros, cujo primeiro termo é 0, o segundo termo é 1, e a partir do terceiro, cada termo é igual à soma dos dois anteriores.
O seguinte algoritmo recursivo retorna o $n$-ésimo termo da sequência
```
Procedimento F(n)
    se n < 3 então retornar n-1
    senão retornar F(n-1) + F(n-2)
```
A chamada externa é `F(n)`, sendo $n > 0$. 

Assinale a alternativa CORRETA:","['a) O algoritmo não está correto, pois não retorna o $n$-ésimo termo da sequência.', 'b) O algoritmo é ótimo, no que diz respeito ao número de passos.', 'c) O número de passos efetuados pelo algoritmo é linear em $n$.', 'd) O número de passos efetuados pelo algoritmo é polinomial em $n$.', 'e) O número de passos efetuados pelo algoritmo é exponencial em $n$.']",Fundamentos da Computação,Algoritmos e Estrutura de Dados,Recursividade: Conceito e Implementação,E,fundamentos da computacao - algoritmos e estrutura de dados - recursividade: conceito e implementacao,True,True,True,True,True,False
2009-23,2009,23,"Considere o seguinte programa escrito em C:
```
#include<stdio.h>
#include<string.h>
int main (void)
{
   char texto[]= ""foi muito facil"";
   int i;

   for (i = 0; i < strlen(texto); i++)
   {
        if (texto[i] == ' ') break;
   }
   i++;

   for ( ; i < strlen(texto); i++)
   {
        printf(""%c"", texto[i]);
   }
    return 0;
}
```
O que será impresso quando o programa for executado?","['a) `foi muito facil`', 'b) `facil`', 'c) `muito facil`', 'd) `uito facil`', 'e) `acil`']",Fundamentos da Computação,Técnicas de Programação,Comandos de uma Linguagem de programação,C,fundamentos da computacao - tecnicas de programacao - comandos de uma linguagem de programacao,True,False,False,False,True,False
2009-26,2009,26,"Considere uma arquitetura de memória com as seguintes características:
- Memória logicamente particionada em segmentos paginados.
- Endereços virtuais de 32 bits: 8 para segmentos, 11 para páginas, o restante para o endereçamento na página.
- Endereços físicos de 20 bits e páginas de 8KB.

Caso o particionamento lógico fosse o de paginação pura, a relação entre o número de páginas virtuais e o número de frames seria equivalente a:","['a) 8192', 'b) 4096', 'c) 1024', 'd) 128', 'e) 32']",Fundamentos da Computação,Arquitetura e Organização de Computadores,Organização de Memória,B,fundamentos da computacao - arquitetura e organizacao de computadores - organizacao de memoria,True,False,False,True,False,False
2009-29,2009,29,"A função PASCAL-like abaixo deve implementar o algoritmo de busca binária num vetor de inteiros A, com N elementos, ordenado crescentemente, onde o argumento v é a chave de busca.
```
function buscabinaria (v:integer);
   var x, e, d : integer;
begin
   e :=1;
   d := N;
   repeat
      x := (e+d) div 2;
      if v < A[x]    then d := x-1
                     else e := x+1
   until ............
   if v=A[x]         then buscabinaria := x
                     else buscabinaria := N+1
end;
```
Para que isso ocorra, o trecho pontilhado no corpo da função deve ser substituído por:","['a) `(v=A[x]) or (e>d);`', 'b) `(v=A[x]) and (e>d);`', 'c) `(v=A[x]);`', 'd) `(e>d);`', 'e) `not ((v=A[x]) or (e>d));`']",Fundamentos da Computação,Algoritmos e Estrutura de Dados,Algoritmos para Pesquisa e Ordenação,A,fundamentos da computacao - algoritmos e estrutura de dados - algoritmos para pesquisa e ordenacao,True,False,False,False,True,False
2009-31,2009,31,"Considere uma tabela de espalhamento (tabela *hash*) de comprimento $m = 11$, que usa endereçamento aberto (*open addressing*), a técnica de tentativa linear (*linear probing*) para resolver colisões e com a função de dispersão (função *hash*) $h(k) = k \mod m$, onde $k$ é a chave a ser inserida. Considere as seguintes operações sobre essa tabela:

- Inserção das chaves 3, 14, 15, 92, 65, 35 (nesta ordem);
- Remoção da chave 15; e
- Inserção da chave 43.

Escolha a opção que representa esta tabela após estas operações:","['a) $ 65 - \\varnothing - 35 - 14 - \\varnothing - 92 - 3 - \\varnothing - \\varnothing - \\varnothing - 43 $', 'b) $ 43 - \\varnothing - 35 - 3 - 14 - 92 - \\varnothing - \\varnothing - \\varnothing - 65 $', 'c) $ 65 - \\varnothing - 35 - X - 14 - 92 - 3 - \\varnothing - \\varnothing - \\varnothing - 43 $', 'd) $ 65 - \\varnothing - 35 - 3 - 14 - 92 - \\varnothing - \\varnothing - \\varnothing - 43 $', 'e) $ 43 - \\varnothing - 35 - 3 - 14 - X - 92 - \\varnothing - \\varnothing - \\varnothing - 65 $']",Fundamentos da Computação,Algoritmos e Estrutura de Dados,Tabelas Hash,E,fundamentos da computacao - algoritmos e estrutura de dados - tabelas hash,True,False,False,False,True,False
2009-32,2009,32,"O que imprime o programa escrito em “C” abaixo?
```
int f (int a [], int n) {
   if (n <= 0) return 1;
   return a[n-1] * f (a, n-2) + 1;
}

int a [6] = { 0, 1, 2, 3, 4, 5};

#include <stdio.h>
int main() {
   printf (""%d\n"", f(a,6));
}
```","['a) 35', 'b) 36', 'c) 49', 'd) 79', 'e) 1957']",Fundamentos da Computação,Linguagens de Programação,Paradigmas de Linguagens de Programação,B,fundamentos da computacao - linguagens de programacao - paradigmas de linguagens de programacao,True,True,False,False,True,False
2009-38,2009,38,"Após a execução do pedaço de programa a seguir, escrito na linguagem de montagem do 8086, que valores estarão em AL e BL?

```
; if 25=10 then VAR = 30
MOV AL, 25
MOV BL, 10
CMP AL, BL
JNZ rot1
MOV AL, 30
MOV VAR, AL
rot1:
...
...
VAR DB 0
```","['a) `AL=15 BL=10`', 'b) `AL=25 BL=10`', 'c) `AL=15 BL=30`', 'd) `AL=25 BL=30`', 'e) `AL=30 BL=10`']",Fundamentos da Computação,Arquitetura e Organização de Computadores,Linguagens de Montagem,B,fundamentos da computacao - arquitetura e organizacao de computadores - linguagens de montagem,True,False,False,False,True,False
2009-46,2009,46,"Qual o resultado do programa em Java a seguir:
```
public class Prova {
   static int v1;
   int v2;

   static { v1=1 ;}
   { v2 = 2; }

   void troca() {
      v1=v2 ;
   }

   public static void main(String[] args) {
      Prova a=new Prova();
      Prova b=new Prova();
      a.v2=5;
      a.troca();
      System.out.print(a.v1);
      System.out.print(a.v2);
      System.out.print(b.v1);
      System.out.print(b.v2);
    }
}
```","['a) 1522', 'b) 5512', 'c) 1512', 'd) 5552', 'e) Nenhuma das respostas anteriores.']",Fundamentos da Computação,Linguagens de Programação,Paradigmas de Linguagens de Programação,D,fundamentos da computacao - linguagens de programacao - paradigmas de linguagens de programacao,True,False,False,False,True,False
2009-47,2009,47,"Seja o programa em Prolog a seguir:
```
pai(abel, bernardo).
pai(abel, bia).
mae(ana, bernardo).
mae(ana, bia).

parenteSimples(X,Y) :- pai(xX,Y).
parenteSimples(X,Y) :- mae(X,Y).

irmao(X,Y) :- parenteSimples(Z,X), parenteSimples(Z,Y),X \=Y.
```
Qual a resposta para a entrada:

```
irmao(X,Y).
```

Supondo que para cada resposta do programa é digitado “;” (ponto e vírgula).","['a) \n```\nX = bernardo,\nY = bia ;\nX = bia,\nY = bernardo ;\nfalse.\n```', 'b)\n```\nX = bernardo,\nY = bia ;\nX = bernardo,\nY = bia ;\nX = bia,\nY = bernardo ;\nX = bia,\nY = bernardo ;\nfalse.\n```', 'c) \n```\nX = bernardo,\nY = bia ;\nX = bia,\nY = bernardo ;\nX = bernardo,\nY = bia ;\nX = bia,\nY = bernardo ;\nfalse.\n```', 'd) \n```\nX = bernardo,\nY = bia ;\nfalse.\n```', 'e) Nenhuma das respostas anteriores.']",Fundamentos da Computação,Linguagens de Programação,Paradigmas de Linguagens de Programação,C,fundamentos da computacao - linguagens de programacao - paradigmas de linguagens de programacao,True,True,False,False,True,False
2009-50,2009,50,"Dado o programa em Pascal a seguir, qual o valor impresso no final?

```
program project1;

var
   v1 : integer;
   v2 : integer;

procedure a;
var 
   v1 : integer;
begin
   v1 := 1;
   v2 := 2; 
end;

procedure b(var v1 : integer; v2:integer) ;
begin
   v1 := 3;
   v2 := 4;  
end;

begin
   v1:=5;
   v2:=6;
   a;
   b(v2,v1);
   writeln(vi,' ',v2);
end.
```","['a) 3 5', 'b) 4 3', 'c) 3 4', 'd) 5 6', 'e) 5 3']",Fundamentos da Computação,Linguagens de Programação,Paradigmas de Linguagens de Programação,E,fundamentos da computacao - linguagens de programacao - paradigmas de linguagens de programacao,True,False,False,False,True,False
2009-51,2009,51,"A questão abaixo refere-se ao seguinte trecho de programa.
```
begin
    read (a,b,c)
    tipo = “escaleno”
    if (a=b) or (b=c) or (a=c) then
        tipo = “isosceles”;
    if (a=b) and (b=c) then
        tipo = “equilátero”;
    if (a>=b+c) or (b>=a+c) or (c>=a+b) then
        tipo = “não é um triângulo”;
    if (a<=0) or (b<=0) or (c<=0) then
        tipo = “dados inválidos”;
    write (tipo)
end
```
Considere as seguintes afirmativas:

I. É possível exercitar todos os comandos do programa com 5 casos de teste. \
II. Um limite superior do número de caminhos linearmente independentes do grafo de fluxo do programa é 4. \
III. Admitindo que os nós do grafo de fluxo possam representar condições compostas, e que, portanto, cada comando do programa acima possa ser representado num único nó, o número de regiões de seu grafo de fluxo é 4. 

Assinale a alternativa CORRETA:","['a) Apenas a afirmativa I é verdadeira.', 'b) Apenas a afirmativa II é verdadeira.', 'c) Apenas a afirmativa III é verdadeira.', 'd) Apenas as afirmativas I e II são verdadeiras.', 'e) Todas as afirmativas são verdadeiras.']",Tecnologia de Computação,Engenharia de Software,"Verificação, Validação e Teste",A,"tecnologia de computacao - engenharia de software - verificacao, validacao e teste",True,True,False,True,True,False
2009-67,2009,67,"Considere a relação abaixo, obtida via processo de engenharia reversa em documentos de uma empresa.

<code>
Emp (<u>CodEmp</u>, <u>CodDept, CodMag</u>, Nome, Sala, NomeDept, NomeMáquina)
</code>

Através de um processo de normalização (não necessariamente completo), chegou-se ao seguinte conjunto de relações:

<code>
R1 (<u>CodEmp</u>, Nome, CodDept, CodMag)
</code>

<code>
R2 (<u>CodDept</u>, NomeDept, Sala)
</code>

<code>
R3 (<u>CodMag</u>, NomeMáquina).
</code>

Considere que as seguintes dependências funcionais se aplicam a estas relações:

```
CodEmp → Nome
CodDept → (NomeDept, Sala)
CodMáquina → NomeMáquina
```
Assinale a alternativa CORRETA:","['a) A relação `Emp` encontra-se na segunda forma normal (2FN).', 'b) Todas as três relações `R1`, `R2` e `R3` encontram-se na segunda forma normal(QFN).', 'c) Somente as relações `R1` e `R3` encontram-se na segunda forma normal (2FN).', 'd) Somente a relação `R3` encontra-se na terceira forma normal (3FN).', 'e) Nenhuma das afirmativas anteriores é verdadeira.']",Tecnologia de Computação,Banco de Dados,Modelagem e Projeto de Banco de Dados,B,tecnologia de computacao - banco de dados - modelagem e projeto de banco de dados,True,True,False,True,False,False
2009-70,2009,70,"Sejam as seguintes tabelas em um banco de dados relacional:\
**Tabela de Compradores**

| CID  | CNOME            | CIDADE         | DESCONTO |
|------|------------------|----------------|----------|
| C001 | Lojas Cacique     | Rio de Janeiro  | 10,00    |
| C002 | Lojas Livres      | São Paulo       | 12,00    |
| C003 | Mercado Fácil     | Curitiba        | 8,00     |
| C004 | Papelaria Simão   | Recife          | 6,00     |
| C005 | Lojas da Silva    | Manaus          | 0,00     |

**Tabela de Produtos**

| PID  | NOME      | CLIENTE | QUANT  | PREÇO |
|------|-----------|---------|--------|-------|
| p01  | Pente     | C001    | 11000  | 10    |
| p02  | Escova    | C002    | 20000  | 10    |
| p03  | Barbeador | C003    | 15000  | 20    |
| p04  | Caneta    | C003    | 20000  | 1     |
| p05  | Lápis     | C004    | 10000  | 1     |
| p06  | Caderno   | C004    | 14000  | 5     |
| p07  | Bloco     | C005    | 5000   | 1,5   |

Qual o resultado da seguinte consulta em SQL? 

```
SELECT CNOME, NOME, PRECO*(1-DESCONTO/100) AS PF
FROM COMPRADORES, PRODUTO
WHERE
 DESCONTO > (SELECT AVG(DESCONTO) FROM COMPRADORES)
 AND CID=CLIENTE
ORDER BY NOME, CNOME;
```","['a) \n| CNOME          | NOME      | PF  |\n|----------------|-----------|-----|\n| Lojas Cacique  | Pente     | 9   |\n| Lojas Livres   | Escova    | 8,8 |\n| Mercado Fácil  | Barbeador | 18,4|\n| Mercado Fácil  | Caneta    | 0,92|', 'b) \n| CNOME            | NOME      | PF  |\n|------------------|-----------|-----|\n| Lojas Cacique     | Pente     | 9   |\n| Lojas Livres      | Escova    | 8,8 |\n| Mercado Fácil     | Barbeador | 18,4|\n| Mercado Fácil     | Caneta    | 0,92|\n| Papelaria Simão   | Lápis     | 0,94|\n| Papelaria Simão   | Caderno   | 4,7 |\n| Lojas da Silva    | Bloco     | 1,5 |', 'c) \n| CNOME          | NOME      | PF  |\n|----------------|-----------|-----|\n| Mercado Fácil  | Barbeador | 18,4|\n| Mercado Fácil  | Caneta    | 0,92|\n| Lojas Livres   | Escova    | 8,8 |\n| Lojas Cacique  | Pente     | 9   |', 'd) \n| CNOME          | NOME      | PF  |\n|----------------|-----------|-----|\n| Mercado Fácil  | Barbeador | 20  |\n| Mercado Fácil  | Caneta    | 1   |\n| Lojas Livres   | Escova    | 10  |\n| Lojas Cacique  | Pente     | 10  |', 'e) Nenhuma das respostas anteriores.']",Tecnologia de Computação,Banco de Dados,Linguagens de Consulta,C,tecnologia de computacao - banco de dados - linguagens de consulta,True,True,False,False,True,False
2010-21,2010,21,"Um estudante de computação precisa resolver um problema bastante importante, que é executar as operações que estão descritas abaixo, cuja estrutura é uma pilha. Tão logo ele retire algum elemento desta pilha, estes deverão ser inseridos em uma fila, cuja entrada é pela esquerda e a saída, pela direita. 

Assinale a alternativa que contém a sequência correta de entrada dos elementos na fila.
```
PUSH P
PUSH E
PUSH R
PUSH T
PUSH O
POP
POP
PUSH S
PUSH O
PUSH L
POP
POP
POP
```","['a) `S - O - L - T - O`', 'b) `O - T - R - E - P`', 'c) `P - E - R - T - O`', 'd) `O - T - L - O - S`', 'e) `P - O - R - L - S`']",Fundamentos da Computação,Algoritmos e Estrutura de Dados,"Estruturas de Dados Lineares e suas Generalizações: Listas Ordenadas, Listas Encadeadas, Pilhas e Filas",D,"fundamentos da computacao - algoritmos e estrutura de dados - estruturas de dados lineares e suas generalizacoes: listas ordenadas, listas encadeadas, pilhas e filas",True,False,False,False,True,False
2010-22,2010,22,"Considere o seguinte trecho de programa escrito na linguagem C.
```
#include<stdio.h>

...
  char str[100], *ptr;
...
  for (ptr=str;(*ptr++=getchar())!=’\n’;*ptr=’\0’);
...
```
Pode-se afirmar que o objetivo do comando `for` é:","['a) Procurar pelo primeiro caracter `‘\\n’` no vetor `str` e substituí-lo pelo caracter `‘\\0’`.', 'b) Ler caracteres do *stdin* para região de memório referenciada pela variável `str`.', 'c) Apresentar no dispositivo de saída a *string* armazenada na região de memória referenciada pela variável `str`.', 'd) Limpar a área de memória referenciada pela variável `str`, atribuindo o caracter `‘\\0’` a todas as 100 posições.', 'e) Alocar espaço de memória na região referenciada pela variável `ptr`.']",Fundamentos da Computação,Técnicas de Programação,Comandos de uma Linguagem de programação,B,fundamentos da computacao - tecnicas de programacao - comandos de uma linguagem de programacao,True,False,False,False,True,False
2010-24,2010,24,"Considere a seguinte função escrita na linguagem C.
```
int F1 (unsigned int n)
{
  if (n==0) return n;
  int i,j;
  for (i=j=1;i<2*n-1;i+=2,j+=i);
  return j;
}
```
Assinale a alternativa que apresenta corretamente a função com o mesmo resultado da função `F1`.","['a) \n```\nint F2 (unsigned int n)\n{\n  if (n==0) return n;\n  int i,j;\n  for (i=j=1;i<2*n-1;i++,j*=2);\n  return j;\n}\n```', 'b) \n```\nint F3 (unsigned int n)\n{\n  if (n==0) return n;\n  int i,j,k;\n  for (i=1,j=2;i<n;i++)\n    for (k=0;k<n;k++,j++);\n  return j;\n}\n```', 'c) \n```\nint F4 (unsigned int n)\n{\n  if (n==0) return n;\n  int i,j,k;\n  for (i=j=1;i<n;i++,j++)\n    for (k=0;k<n;k++,j++);\n  return j;\n}\n```', 'd) \n```\nint F5 (unsigned int n)\n{\n  if (n==0) return n;\n  else return 2 * n - 1;\n}\n```', 'e) \n```\nint F6 (unsigned int n)\n{\n  if (n==0) return n;\n  else return n * (n + 1) * (n + 2) / 6;\n}\n```']",Fundamentos da Computação,Algoritmos e Estrutura de Dados,Comandos de uma Linguagem de Programação,C,fundamentos da computacao - algoritmos e estrutura de dados - comandos de uma linguagem de programacao,True,True,True,False,True,False
2010-25,2010,25,"Considere dois algoritmos $A_1$ e $A_2$, cujas funções de custo são, respectivamente, $T_1(n) = n^2 - n + 1$ e $T_2(n) = 6n \log_2n + 2n$. Para simplificar a análise, assuma que $n > 0$ é sempre uma potência de 2. \
Com relação ao enunciado, assinale a alternativa correta.","['a) Como $T_1(n) = \\Theta(n^2)$ e $T_2(n) = \\Theta(n \\log n)$, então $A_2$ é sempre mais eficiente que $A_1$.', 'b) O limite superior $T_1(n) = O(n^3)$ é correto e assintoticamente restrito.', 'c) O limite inferior $T_2(n) = \\Omega(n^3)$ é correto e assintoticamente restrito.', 'd) $T_1$ e $T_2$ são assintoticamente equivalentes.', 'e) $A_1$ é mais eficiente que $A_2$, para $n$ suficientemente pequeno.']",Fundamentos da Computação,Análise de Algoritmos,"Notação “Big O”, “Little o”, “Omega” e “Theta”",E,"fundamentos da computacao - analise de algoritmos - notacao “big o”, “little o”, “omega” e “theta”",True,False,True,True,False,True
2010-27,2010,27,"Considere o problema de ordenação onde os vetores a serem ordenados, de tamanho $n > 0$, possuem $\lfloor n/2 \rfloor$ valores iguais a um número real $x$ e $\lceil n/2 \rceil$ valores iguais a um outro número real $y$. Considere que os números reais $x$ e $y$ são conhecidos e fixos, porém estão distribuídos aleatoriamente no vetor a ser ordenado. \
Neste caso, é correto afirmar:","['a) Podemos ordenar estes vetores a um custo $O(n)$.', 'b) No caso médio, o *Quicksort* será o algoritmo mais eficiente para este problema, com um custo $O(n \\log n)$.', 'c) O algoritmo de ordenação por inserção sempre opera no melhor caso com um custo $O(n)$.', 'd) O limite inferior para esta classe de problema é $\\Omega(n^2)$.', 'e) O limite inferior para esta classe de problema é $\\Omega(n \\log n)$.']",Fundamentos da Computação,Análise de Algoritmos,"Medidas de Complexidade, Análise Assintótica de Limites de Complexidade, Técnicas de Prova de Cotas Inferiores",A,"fundamentos da computacao - analise de algoritmos - medidas de complexidade, analise assintotica de limites de complexidade, tecnicas de prova de cotas inferiores",True,False,True,True,False,True
2010-29,2010,29,"Considere o programa a seguir, desenvolvido em linguagem C.
```
#include <stdio.h>
int F1(int X, int Y) {
  if (X < Y) return X;
  else return F1(X-Y,Y);
}
int F2(int X, int Y) {
  if (X < Y) return 0;
  else return 1 + F2(X-Y,Y);
}
void F3(int X, int Y) {
  if (X < Y) printf(""%d"",X);
  else {
    F3(F2(X,Y),Y);
    printf(""%d"",F1(X,Y));
  }
}
int main() {
  int A, B;
  scanf(""%d %d"",&A, &B);
  if ((A > 0) && (A < 1000)
      && (B > 1) && (B < 10)) {
    F3(A,B);
    printf(""\n"");
  }
  return 0;
}
```
No programa apresentado, a técnica da recursividade foi aplicada às três funções `F1`, `F2` e `F3`. Essa técnica envolve a definição de uma função ou rotina que pode invocar a si própria. \
Com relação ao programa apresentado e à técnica de recursão, atribua F (falso) ou V (verdadeiro) para as afirmativas a seguir. \
( ) A chamada da função `F1`, através da expressão `F1(X,Y)`, pode ser substituída, sem alterar o resultado do programa, pela expressão `X%Y`. \
( ) O objetivo da função `F2` é retornar o valor da variável `X` elevado à `Y`-ésima potência. \
( ) A chamada à função `F3` entrará em uma recursão sem fim se o valor da variável `X` for maior que o valor da variável `Y`. \
( ) A função `main` não é recursiva, pois na Linguagem C não é possível implementar esta técnica na função principal do programa. \
( ) A expressão `((A > 0) && (A < 1000) && (B > 1) && (B < 10))`, da função `main`, pode ser substituída pela expressão `(!((A <= 0) || (A >= 1000) || (B <= 1) || (B >= 10)))`, sem afetar o resultado do comando condicional `if` nesta expressão. 

Assinale a alternativa que contém, de cima para baixo, a sequência correta.","['a) F, V, F, F, V.', 'b) V, F, F, V, F.', 'c) V, V, F, V, V.', 'd) F, V, V, V, F.', 'e) V, F, F, F, V.']",Fundamentos da Computação,Algoritmos e Estrutura de Dados,Recursividade: Conceito e Implementação,E,fundamentos da computacao - algoritmos e estrutura de dados - recursividade: conceito e implementacao,True,True,True,False,True,False
2010-30,2010,30,"O mecanismo de herança, no paradigma da programação orientada a objetos, é uma forma de reutilização de software na qual uma nova classe é criada, absorvendo membros de uma classe existente e aprimorada com capacidades novas ou modificadas.
Considere as seguintes classes descritas na linguagem C++.
```
#include <iostream>
using namespace std;
class A {
protected:
  int v;
public:
  A() { v = 0; };
  void m1() {
    v += 10;
    m2();
  };

  void m2() {
    v += 20;
  };

  int getv() {
    return v;
  };
};
class B : public A {
public:
  void m2() {
    v += 30;
  };
};
```
Se essas classes forem utilizadas a partir do programa a seguir,
```
int main()
{
  B *Obj = new B();
  Obj->m1();
  Obj->m2();
  cout << Obj->getv() << endl;
  return 0;
}
```
a saída do código computacional acima será:","['a) 30', 'b) 40', 'c) 50', 'd) 60', 'e) 70']",Fundamentos da Computação,Linguagens de Programação,Paradigmas de Linguagens de Programação,D,fundamentos da computacao - linguagens de programacao - paradigmas de linguagens de programacao,True,False,True,False,True,False
2010-32,2010,32,"Considere o algoritmo a seguir.
```
PROC (n)
  se n <= 1 então
    retorna 1 + n;
  senão
    retorna PROC(n/2) + PROC(n/2);
  fim se
```
Assinale a alternativa que indica corretamente quantas comparações são feitas para uma entrada $n > 0$, onde $n$ é um número natural.","['a) $n$', 'b) $\\log n + 1$', 'c) $n \\log n + 1$', 'd) $n^2 + n - 1$', 'e) $2n - 1$']",Fundamentos da Computação,Análise de Algoritmos,O Uso de Relações de Recorrência para Análise de Algoritmos Recursivos,ANULADA,fundamentos da computacao - analise de algoritmos - o uso de relacoes de recorrencia para analise de algoritmos recursivos,True,True,True,False,True,True
2010-34,2010,34,"Considere o conjunto de operações descritas a seguir, em linguagem de transferência entre registradores.
```
F1: REM ← CP;
F2: RDM ← M[REM], CP ← CP + 1;;
F3: RI ← RDM; 
```
Dados: `REM` é o registrador de endereços da memória; `RDM` é o registrador de dados da memória; `RI` é o registrador de instruções; `CP` é o contador de programa e `M[X]` é o conteúdo de memória indicado pelo endereço `X`. 

Assinale a alternativa que indica a que fase do processamento de uma instrução em uma máquina *pipeline* corresponde o conjunto de operações descrito.","['a) Decodificação de instrução.', 'b) Busca de operando.', 'c) Execução de instrução.', 'd) Busca de instrução.', 'e) Armazenamento de resultado.']",Fundamentos da Computação,Arquitetura e Organização de Computadores,Pipeline,D,fundamentos da computacao - arquitetura e organizacao de computadores - pipeline,True,False,False,True,True,False
2010-38,2010,38,"Um analista de sistemas foi convidado para opinar sobre por que um determinado sistema tinha desempenho ruim. Considerando que o analista observou que o sistema tinha alta taxa de acesso a disco, por demanda de entrada e saída dos processos, qual das alternativas abaixo pode explicar o baixo desempenho?","['a) O sistema operacional gerenciava E/S pelo algoritmo FIFO.', 'b) O sistema operacional entrava em *deadlock*.', 'c) O sistema operacional entrava em *starvation*.', 'd) O sistema operacional gerenciava E/S pelo algoritmo do elevador.', 'e) O sistema operacional usava dispositivos de DMA.']",Fundamentos da Computação,Sistemas Operacionais,Gerenciamento de Dispositivos de Entrada/Saída,A,fundamentos da computacao - sistemas operacionais - gerenciamento de dispositivos de entrada/saida,True,False,False,True,False,False
2010-53,2010,53,"Considere um objeto em 3D ancorado no seu centro de massa $p = (x_c , y_c , z_c )$. Qual a transformação necessária para rotacioná-lo em $\Theta$ graus, contra relógio, ao redor do eixo $x$, sem alterar a sua posição no espaço? Assuma que a matriz $T$ realiza translações, a matriz $R_x$ realiza rotações de $\Theta$ graus ao redor do eixo $x$, contra relógio.","['a) $T (-p).R_x(\\Theta).T (p)x$', 'b) $T (-p).R_x(\\Theta)x$', 'c) $T (p).R_x(\\Theta).T (-p)$', 'd) $R_x (\\Theta).T (-p)$', 'e) $T (p).R_x (\\Theta).T (p)$']",Tecnologia de Computação,Computação Gráfica,Transformações Geométricas em Duas e Três Dimensões: Coordenadas Homogêneas e Matrizes de Transformação,C,tecnologia de computacao - computacao grafica - transformacoes geometricas em duas e tres dimensoes: coordenadas homogeneas e matrizes de transformacao,True,False,False,True,False,False
2010-61,2010,61,"Considere um banco de dados relacional composto pelas tabelas definidas a seguir, na linguagem SQL, em que são cadastrados alunos, disciplinas e as matrículas de alunos em disciplinas.
```
CREATE TABLE Aluno (
  RA           INTEGER NOT NULL,
  Nome         VARCHAR2(20) NOT NULL,
  Curso        INTEGER NOT NULL,
  PRIMARY KEY (RA) );
CREATE TABLE Disciplina (
  Codigo       INTEGER NOT NULL,
  Nome         VARCHAR2(20) NOT NULL,
  Departamento INTEGER NOT NULL,
  PRIMARY KEY (Codigo) );
CREATE TABLE Matricula (
  RA           INTEGER NOT NULL,
  Codigo       INTEGER NOT NULL,
  Ano          INTEGER NOT NULL,
  PRIMARY KEY (RA, Codigo),
  FOREIGN KEY (Codigo) REFERENCES Disciplina,
  FOREIGN KEY (RA) REFERENCES Aluno);
```
Considere também a consulta a seguir, expressa na linguagem SQL, em que o operador `MINUS` realiza a operação de subtração de relações.
```
SELECT Nome FROM Aluno A
WHERE NOT EXISTS ( (SELECT D.Codigo FROM Disciplina D WHERE D.Departamento = 5)
                    MINUS
                   (SELECT M.Codigo FROM Matricula M WHERE M.RA = A.RA)
                 )
      AND EXISTS (SELECT D.Codigo FROM Disciplina D WHERE D.Departamento = 5)
```
Considere, por fim, as afirmativas a seguir, sobre a consulta apresentada.

I. A consulta retorna os nomes dos alunos matriculados em todas as disciplinas do departamento 5. \
II. A consulta retorna os nomes dos alunos matriculados em, pelo menos, uma disciplina do departamento 5. \
III. A consulta retorna os nomes das disciplinas do departamento 5 nas quais todos os alunos estão matriculados. \
IV. A estrutura dessa consulta permite implementar, na linguagem SQL, a operação de divisão da Álgebra Relacional. 

Assinale a alternativa correta.","['a) Somente as afirmativas I e II são corretas.', 'b) Somente as afirmativas I e IV são corretas.', 'c) Somente as afirmativas III e IV são corretas.', 'd) Somente as afirmativas I, II e III são corretas.', 'e) Somente as afirmativas II, III e IV são corretas.']",Tecnologia de Computação,Banco de Dados,Linguagens de Consulta,B,tecnologia de computacao - banco de dados - linguagens de consulta,True,True,False,True,False,False
2010-65,2010,65,"Considere o trecho de código C a seguir.
```
int main()
{
    int i;
    float f;
    int v[10]

    i 3;
    v[f] = 45;
    while
    {

    }
}
```
Quantos erros semânticos o código possui?","['a) 1', 'b) 2', 'c) 3', 'd) 4', 'e) 5']",Tecnologia de Computação,Compiladores,Análise Semântica,A,tecnologia de computacao - compiladores - analise semantica,True,False,False,True,False,False
2011-03,2011,3,"Suponha que, em vez de usar a base padrão {$e_1 , e_2$} para $R^2$, onde $e_1 = [1, 0]^T$ e $e_2 = [0, 1]^T$ , deseja-se utilizar a base {$u_1 , u_2$}, com $ u_1 = [3, 2]^T$ e $u_2 = [1, 1]^T$.\
As coordenadas do vetor $x = [7, 4]^T$ em relação a $u_1$ e $u_2$ são:","['a) $[0, 1]^T$', 'b) $[1, -2]^T$', 'c) $[3, -2]^T$', 'd) $[4, 3]^T$', 'e) $[15, 18]^T$']",Matemática,Álgebra Linear,Bases,C,matematica - algebra linear - bases,True,False,False,True,False,False
2011-05,2011,5,"Em muitos problemas práticos, deseja-se encontrar a reta $ r(x) = ax + b $ que melhor se ajusta a um conjunto $\{(x_1, y_1), (x_2, y_2), \ldots, (x_n, y_n)\}$ de pontos no plano. No método dos mínimos quadrados, os coeficientes $ a $ e $ b $ da reta são determinados de modo que o erro, dado pela soma do quadrado da diferença entre $ y_i $ e $ r(x_i) $, isto é,
$$
\text{Erro}(a, b) = \sum_{i=1}^n (y_i - r(x_i))^2,
$$
seja o menor possível.

A tabela a seguir mostra o conjunto de pontos $\{(-3, -3), (-2, -2), \ldots, (2, 6), (3, 6)\}$ no plano.
$$
\begin{array}{c|c|c|c|c|c|c|c}
\hline
x & -3 & -2 & -1 & 0 & 1 & 2 & 3 \\
\hline
y & -3 & -2 & 2 & 2 & 4 & 6 & 6 \\
\hline
\end{array}
$$
A reta que melhor se ajusta aos dados apresentados nessa tabela, no sentido dos mínimos quadrados, é:","['a) $ r(x) = x $', 'b)$ r(x) = \\dfrac{15}{7}x $', 'c) $ r(x) = \\dfrac{3}{2}x + \\dfrac{3}{2} $', 'd) $ r(x) = \\dfrac{45}{28}x + \\dfrac{15}{7} $', 'e) $ r(x) = \\dfrac{7}{2}x + \\dfrac{45}{7} $']",Matemática,Cálculo Diferencial e Integral,Máximos e Mínimos,D,matematica - calculo diferencial e integral - maximos e minimos,True,False,False,True,False,False
2011-06,2011,6,"O problema de determinar um vetor normal a um triângulo ou polígono é muito comum em computação gráfica. Dado o triângulo formado pelos pontos $A(1, 2, 3)$, $B(3, 2, 1)$ e $C(1, 1, 1)$, um vetor normal, $n$, a esse triângulo é dado por:","['a) $n = [-2, 4, -2]^T$', 'b) $n = [0, 0, 4]^T$', 'c) $n = [2, -1, -4]^T$', 'd) $n = [3, 4, 5]^T$', 'e) $n = [5, 5, 5]^T$']",Matemática,Geometria Analítica,Álgebra Vetorial,A,matematica - geometria analitica - algebra vetorial,True,False,False,True,False,False
2011-21,2011,21,"Considere a seguinte variante do algoritmo quicksort para ordenação de uma lista de inteiros $x_1, \dots x_n$:

Algoritmo $QS(x_1, \dots, x_n)$ \
Entrada: $x_1, \dots, x_n \in \mathbb{Z}$ \
Saída: $x_1, \dots, x_n \in \mathbb{Z}$

1\. Se $n = 2$ e $x_1 > x_2$, permutar $x_1$ com $x_2$. \
2. Se $n \leq 2$, retornar. \
3. $i \leftarrow 2$, $j \leftarrow n$, \
4. Enquanto $i < j$, \
4.1 $\quad$ Enquanto $x_1 \geq x_i$ e $i < n + 1$, incrementar $i$. \
4.2 $\quad$ Enquanto $x_1 < x_j$, decrementar $j$. \
4.3 $\quad$ Se $i < j$, permutar $x_i$ com $x_j$. \
5. Permutar $x_1$ com $x_j$. \
6. $QS(x_1, \dots, x_{j-1})$ \
7. $QS(x_{j+1}, . . . , x_n)$

Seja $\Phi(x_1 , \dots, x_n )$ o número total de permutações de dois elementos durante a execução do algoritmo QS, inclusive durante as chamadas recursivas. Seja $\Phi_{\max}(n)$ o maior valor de $\Phi(x_1, \dots, x_n)$ para todas as listas possíveis de comprimento $n$.

Sabendo que 
$$
\Phi_{\max}(n) = \max_{1 \leq j \leq n} \Phi_{\max}(j - 1) + \Phi_{\max}(n - j ) + \min(j - 1, n - j ) + 1,
$$","['a) $\\Phi_{\\max}(n) = n - 1$.', 'b) $\\Phi_{\\max}(n)$ está em $o(n)$', 'c) $\\Phi_{\\max}(n)$ está em $O(n \\log(n))$, mas não em $O(n)$', 'd) $\\Phi_{\\max}(n)$ está em $O(n^2)$, mas não em $O(n \\log n)$', 'e) $\\Phi_{\\max}(n) > 2^n.$']",Fundamentos da Computação,Análise de Algoritmos,O Uso de Relações de Recorrência para Análise de Algoritmos Recursivos,C,fundamentos da computacao - analise de algoritmos - o uso de relacoes de recorrencia para analise de algoritmos recursivos,True,True,True,False,True,True
2011-22,2011,22,"Considere a seguinte variante do algoritmo quicksort para ordenação de uma lista de inteiros $x_1, \dots x_n$:

Algoritmo $QS(x_1, \dots, x_n)$ \
Entrada: $x_1, \dots, x_n \in \mathbb{Z}$ \
Saída: $x_1, \dots, x_n \in \mathbb{Z}$

1\. Se $n = 2$ e $x_1 > x_2$, permutar $x_1$ com $x_2$. \
2. Se $n \leq 2$, retornar. \
3. $i \leftarrow 2$, $j \leftarrow n$, \
4. Enquanto $i < j$, \
4.1 $\quad$ Enquanto $x_1 \geq x_i$ e $i < n + 1$, incrementar $i$. \
4.2 $\quad$ Enquanto $x_1 < x_j$, decrementar $j$. \
4.3 $\quad$ Se $i < j$, permutar $x_i$ com $x_j$. \
5. Permutar $x_1$ com $x_j$. \
6. $QS(x_1, \dots, x_{j-1})$ \
7. $QS(x_{j+1}, . . . , x_n)$

Assinale a alternativa correta.","['a) O tempo de execução do algoritmo $QS$, no pior caso, para entradas de tamanho $n$, é de $\\Theta(n log (n))$.', 'b) O tempo de execução total do algoritmo para a entrada $x_1, \\dots, x_n$ é sempre de $O(\\Phi(x_1, \\dots, x_n ))$.', 'c) O tempo de execução total do algoritmo QS para a entrada $x_1, \\dots, x_n$ não é proporcional à soma das vezes que cada uma das linhas foi executada.', 'd) O tempo de execução do algoritmo $QS$, no pior caso, para entradas de tamanho $n$, é de $\\Theta(n^2)$.', 'e) O número total de comparações do algoritmo $QS$, incluindo as chamadas recursivas, é de $O(\\Phi_{\\max} (n))$ no pior caso.']",Fundamentos da Computação,Análise de Algoritmos,Análise de Algoritmos Iterativos e Recursivos,D,fundamentos da computacao - analise de algoritmos - analise de algoritmos iterativos e recursivos,True,True,True,False,True,False
2011-28,2011,28,"Um processador RISC é implementado em duas versões de organização síncrona: uma monociclo, em que cada instrução executa em exatamente um ciclo de relógio, e uma versão pipeline de 5 estágios. Os estágios da versão pipeline são: (1) busca de instrução, (2) busca de operandos, (3) execução da operação, (4) acesso à memória e (5) atualização do banco de registradores. A frequência máxima de operação das organizações foi calculada em 100 MHz para a versão monociclo e 400 MHz para a versão pipeline. Um programa X que executa 200 instruções é usado para comparar o desempenho das organizações. Das 200 instruções, apenas 40% fazem acesso à memória, enquanto as demais operam apenas sobre registradores internos da organização. Assuma que o programa não apresenta nenhum conflito de dados ou de controle entre instruções que podem estar simultaneamente dentro do pipeline da segunda organização.

Assim, o tempo de execução do programa X nas organizações monociclo e pipeline é, respectivamente:","['a) 2.000 nanossegundos e 510 nanossegundos.', 'b) 2.000 nanossegundos e 500 nanossegundos.', 'c) 2.000 nanossegundos e 2.300 nanossegundos.', 'd) 2.300 nanossegundos e 500 nanossegundos.', 'e) 2.300 nanossegundos e 510 nanossegundos.']",Fundamentos da Computação,Arquitetura e Organização de Computadores,Pipeline,A,fundamentos da computacao - arquitetura e organizacao de computadores - pipeline,True,False,False,True,True,False
2011-30,2011,30,"Um sistema de computador possui um mapa de memória de 4 Gbytes, usando endereçamento a byte e uma memória cache com organização de mapeamento direto. A cache tem capacidade de armazenar até 1.024 palavras de 32 bits provenientes do mapa de memória. Assuma que a cache sempre é escrita de forma atômica com quatro bytes vindos de um endereço de memória alinhado em uma fronteira de palavra de 32 bits, e que ela usa 1 bit de validade por linha de cache. \
Neste caso, as dimensões do rótulo (tag) da cache, do índice e o tamanho da cache são, respectivamente:","['a) 12 bits, 18 bits e 54.272 bits.', 'b) 14 bits, 18 bits e 56.320 bits.', 'c) 20 bits, 10 bits e 54.272 bits.', 'd) 20 bits, 12 bits e 54.272 bits.', 'e) 22 bits, 10 bits e 56.320 bits.']",Fundamentos da Computação,Arquitetura e Organização de Computadores,"Organização de Computadores: Memórias, Unidades Centrais de Processamento, Entrada e Saída",C,"fundamentos da computacao - arquitetura e organizacao de computadores - organizacao de computadores: memorias, unidades centrais de processamento, entrada e saida",True,False,False,True,False,False
2011-34,2011,34,"Em linguagens orientadas a objetos, o polimorfismo refere-se à ligação tardia de uma chamada a uma ou várias implementações diferentes de um método em uma hierarquia de herança. \
Neste contexto, considere as seguintes classes descritas na Linguagem C++.
```
#include <iostream>
using namespace std;
class PosComp1 {
public:
  int Calcula()
  { return 1; };
};
class PosComp2 : public PosComp1 {
public:
  virtual int Calcula()
  { return 2; }
};
class PosComp3 : public PosComp2 {
public:
  int Calcula()
  { return 3; }
};
```
Se estas classes forem utilizadas a partir do programa a seguir 
```
int main() {
  int Result=0;
  PosComp1 *Objs[3];
  Objs[0] = new PosComp1();
  Objs[1] = new PosComp2();
  Objs[2] = new PosComp3();
  for (int i=0; i<3; i++)
    Result += Objs[i]->Calcula();
  cout << Result << endl;
  return 0;
}
```
a saída desse programa será:","['a) 0', 'b) 3', 'c) 5', 'd) 6', 'e) 9']",Fundamentos da Computação,Linguagens de Programação,Paradigmas de Linguagens de Programação,B,fundamentos da computacao - linguagens de programacao - paradigmas de linguagens de programacao,True,False,True,True,True,False
2011-37,2011,37,"Em programas que utilizam grande quantidade de memória, a alocação deste recurso deve ser realizada com muito cuidado. Em algumas circunstâncias, o uso da memória pode ser otimizado com a utilização de registros variantes. Em linguagens como C, o registro variante é construído através de uma união disjuntiva.

Analise a declaração de tipo em C++, a seguir.
```
union PosCompType {
  char A[2];
  struct {
    char B;
    char C;
  };
};
```
Considere o código a seguir, que utiliza esse tipo.
```
int main() {
  PosCompType Dado;
  Dado.A[0] = ’a’;
  Dado.A[1] = ’b’;
  Dado.B = ’c’;
  Dado.C = ’d’;
  printf (""%c %c %c %c\n"", Dado.A[0],Dado.A[1],Dado.B,Dado.C);
  return 0;
}
```
A saída do código será:","['a) `a b a b`', 'b) `a b c d`', 'c) `c d a b`', 'd) `c d c d`', 'e) `d c b a`']",Fundamentos da Computação,Linguagens de Programação,Paradigmas de Linguagens de Programação,D,fundamentos da computacao - linguagens de programacao - paradigmas de linguagens de programacao,True,False,False,True,True,False
2011-39,2011,39,"Considere a função desenvolvida na Linguagem C, a seguir.
```
char *Teste (char *s1, const char *s2)
{
  char *aux=s1;
  while (*s1) s1++;
  for (;(*s1 = *s2)!=’\0’;s1++,s2++);
  return aux;
}
```
O seu objetivo é:","['a) Copiar o conteúdo da região de memória referenciada pelo identificador `s1` para a região de memória referenciada pelo identificador `s2`.', 'b) Atribuir o valor `‘\\0’` para todas as posições de memória entre o endereço referenciado pelo identificador `s1` até a região de memória referenciada pelo identificador `s2`.', 'c) Comparar o conteúdo de memória que se inicia na posição referenciada pelo identificador `s1` e ir até a ocorrência de um valor `‘\\0’` com o conteúdo da região de memória referenciada pelo identificador `s2`.', 'd) Substituir os elementos armazenados na região de memória referenciada pelo identificador `s1` pelos elementos armazenados na região de memória referenciada pelo identificador `s2`.', 'e) Copiar os elementos contidos na região de memória referenciada pelo identificador `s2` após os elementos armazenados na região de memória referenciada pelo identificador `s1`.']",Fundamentos da Computação,Técnicas de Programação,Desenvolvimento de algoritmos,E,fundamentos da computacao - tecnicas de programacao - desenvolvimento de algoritmos,True,False,False,False,True,False
2011-42,2011,42,"Ao medir o desempenho de um certo sistema, verificou-se que este passava muito tempo com a CPU ociosa e tinha um alto volume de acessos a disco. 

Assinale a alternativa que apresenta a solução traduzida na melhoria de desempenho desse sistema.","['a) Troca da CPU por uma mais rápida.', 'b) Aumento na capacidade de memória do sistema.', 'c) Aumento na capacidade de armazenamento do disco.', 'd) Uso de memória cache.', 'e) Troca do sistema operacional.']",Fundamentos da Computação,Sistemas Operacionais,Gerenciamento de Dispositivos de Entrada/Saída,B,fundamentos da computacao - sistemas operacionais - gerenciamento de dispositivos de entrada/saida,True,False,False,True,False,False
2011-43,2011,43,"Um usuário digitou o valor 4 na entrada padrão, ao executar o programa em linguagem C++, a seguir.
```
#include <iostream>
using namespace std;
struct N {
  int A; int B;
  N *L;
};
int main()
{
  N *A, *B, *C;
  int n;
  cin >> n;
  for (int i=0; i<n; i++)
  if (!i) {
    C = new N;
    C->A = i;
    C->B = i+1;
    C->L = new N;
    C->L->A = i+1;
    C->L->B = i+1;
    C->L->L = NULL;
  } else {
    A = C;
    B = A->L;
    while (B) {
      if (A->B + B->B <= i) {
        A->L = new N;
        A->L->A = A->A + B->A;
        A->L->B = A->B + B->B;
        A->L->L = B;
      }end while
      A = B;
      B = B->L;
    }
  }
  A = C;
  while (A) {
    cout << A->A << ""/"" << A->B << "" "";
    A = A->L;
  }
}
```
O resultado obtido foi:","['a) 0/1 0/2 0/3 0/4 0/5', 'b) 0/1 1/2 1/3 1/2 0/1', 'c) 0/1 1/3 0/1 1/3 0/1', 'd) 0/1 1/3 1/2 2/3 1/1', 'e) 0/1 1/2 2/3 3/4 4/5']",Fundamentos da Computação,Linguagens de Programação,Paradigmas de Linguagens de Programação,D,fundamentos da computacao - linguagens de programacao - paradigmas de linguagens de programacao,True,True,False,False,True,False
2011-48,2011,48,"Observe a função recursiva a seguir, desenvolvida na linguagem Pascal.
```
function Prova (N : integer) : integer;
begin
  if N = 0 then Prova := 0
  else Prova := N * 2 - 1 + Prova (N - 1);
end;
```
Considerando-se que essa função sempre será chamada com variável `N` contendo inteiros positivos, o seu valor de retorno será:","['a) O fatorial do valor armazenado em `N`.', 'b) O valor armazenado em `N` elevado ao quadrado.', 'c) O somatório dos `N` primeiros números inteiros positivos.', 'd) O somatório dos `N` primeiros números pares positivos.', 'e) 2 elevado ao valor armazenado em `N`.']",Fundamentos da Computação,Algoritmos e Estrutura de Dados,Recursividade: Conceito e Implementação,B,fundamentos da computacao - algoritmos e estrutura de dados - recursividade: conceito e implementacao,True,True,False,False,True,False
2011-50,2011,50,"Seja $G$ um grafo conexo com $n$ vértices. Considere duas rotulações dos vértices de $G$ obtidas por duas buscas em $G$, uma em largura, $l()$, e outra em profundidade, $p()$, ambas iniciadas no vértice $v$. Em cada rotulação, os vértices receberam um número de 1 a $n$, o qual representa a ordem em que foram alcançados na busca em questão. Assim, $l(v) = p(v) = 1$; enquanto $l(x) > 1$ e $p(x) > 1$ para todo vértice $x$ diferente de $v$. Considere dois vértices $u$ e $w$ de $G$ e denote por $d(u, w)$ a distância em $G$ de $u$ até $w$. 

Com base nesses dados, assinale a alternativa correta.","['a) Se $l(u) < l(w)$ e $p(u) < p(w)$, então $d(v, u) < d(v, w)$.', 'b) Se $l(u) < l(w)$ e $p(u) > p(w)$, então $d(v, u) = d(v, w)$.', 'c) Se $l(u) > l(w)$ e $p(u) < p(w)$, então $d(v, u) \\leq d(v, w).$', 'd) Se $l(u) > l(w)$ e $p(u) > p(w)$, então $d(v, u) < d(v, w)$.', 'e) Se $l(u) < l(w)$ e $p(u) > p(w)$, então $d(v, u) \\leq d(v, w)$.']",Fundamentos da Computação,Teoria dos Grafos,Busca em Largura e Profundidade,E,fundamentos da computacao - teoria dos grafos - busca em largura e profundidade,True,False,True,True,True,False
2011-51,2011,51,"Considere a relação a seguir, definida na linguagem SQL padrão.
```
CREATE TABLE EMPREGADO
(     CODIGO NUMBER(4) PRIMARY KEY,
      NOME VARCHAR2(10),
      SALARIO NUMBER(7,2)
)
```
Considere também as consultas (C1, C2, C3 e C4) a seguir, expressas na linguagem SQL. \
**C1:**
```
select NOME from EMPREGADO
where CODIGO in ((select CODIGO from EMPREGADO)
                  minus
                 (select E1.CODIGO from EMPREGADO E1, EMPREGADO E2
                  where E1.SALARIO < E2.SALARIO)
                 )
```
Obs: o operador minus realiza a operação de subtração entre relações. \
**C2:**
```
select NOME from EMPREGADO
where SALARIO = (select max(SALARIO) from EMPREGADO)
```
**C3:**
```
Select NOME from EMPREGADO
where SALARIO >= all (select SALARIO from EMPREGADO)
```
**C4:**
```
select NOME from EMPREGADO
where CODIGO in ( select E1.CODIGO from EMPREGADO E1, EMPREGADO E2
                  where E1.SALARIO > E2.SALARIO
                )
```
Com relação às consultas, assinale a alternativa correta.","['a) Apenas as consultas C2 e C3 são equivalentes.', 'b) Todas as consultas são equivalentes.', 'c) Apenas as consultas C1 e C3 são equivalentes.', 'd) Apenas as consultas C1 e C4 são equivalentes.', 'e) Apenas as consultas C1, C2 e C3 são equivalentes.']",Tecnologia de Computação,Banco de Dados,Linguagens de Consulta,E,tecnologia de computacao - banco de dados - linguagens de consulta,True,True,True,True,False,False
2011-53,2011,53,"Considere, a seguir, as escalas S1 e S2, de execução de transações (T).

**S1**
| T1         | T2         |
|------------|------------|
| Read (A)   |            |
| Write (A)  |            |
|            | Read (A)   |
|            | Write (A)  |
| Read (B)   |            |
| Write (B)  |            |
|            | Read (B)   |
|            | Write (B)  |

**S2**
| T1         | T2         | T3         |
|------------|------------|------------|
| Read (A)   |            |            |
|            | Write (A)  |            |
| Write (A)  |            |         
|            |            | Write (A)  |

Com base nessas informações, considere as afirmativas a seguir.

I. S2 é serializável no conflito.\
II. S1 é serializável no conflito.\
III. S1 é serializável na visão.\
IV. S2 é serializável na visão.

Assinale a alternativa correta.","['a) Somente as afirmativas I e II são corretas.', 'b) Somente as afirmativas I e III são corretas.', 'c) Somente as afirmativas III e IV são corretas.', 'd) Somente as afirmativas I, II e IV são corretas.', 'e) Somente as afirmativas II, III e IV são corretas.']",Tecnologia de Computação,Banco de Dados,"Sistemas de Gerenciamento de Bancos de Dados (SGBD): Arquitetura, Segurança, Integridade, Concorrência, Recuperação após Falha, Gerenciamento de Transações",E,"tecnologia de computacao - banco de dados - sistemas de gerenciamento de bancos de dados (sgbd): arquitetura, seguranca, integridade, concorrencia, recuperacao apos falha, gerenciamento de transacoes",True,True,False,True,False,False
2011-59,2011,59,"Considere o algoritmo A* (A Estrela / A Star ) usado para a busca de uma trajetória (*pathfinding*), sendo aplicado sobre um mapa do tipo grade de ocupação, com custos de passagem associados a cada uma das células da grade e com a seguinte configuração de nodos listados no conjunto em aberto (*open-set*):
```
Nodo 1: g(1)=19; h(1)=6; L=6;  C=8
Nodo 2: g(2)=18; h(2)=4; L=7;  C=9
Nodo 3: g(3)=13; h(3)=5; L=5;  C=10
Nodo 4: g(4)=16; h(4)=3; L=9;  C=8
Nodo 5: g(5)=16; h(5)=3; L=10; C=7
```

onde “L” e “C” são a linha e coluna do respectivo nodo dentro da grade de ocupação.
A posição alvo a ser alcançada dentro da trajetória deste exemplo é definida pela linha e coluna L_Alvo=10 e C_Alvo=10, ou seja, a coordenada (10,10). “g(n)” representa o custo (gasto) do caminho percorrido e “h(n)” representa a estimativa heurística de custo até o alvo da célula em questão, sendo que “n” representa o número do nodo que identifica as células, e esta célula ocupa uma determinada posição (L,C) dentro da grade. 

Qual dos seguintes nodos será selecionado do conjunto em aberto como sendo o próximo nodo a ser avaliado, depois removido do conjunto de nodos em aberto (*open-set*) e colocado na lista de nodos já visitados (*closed-set*)?","['a) Nodo 1', 'b) Nodo 2', 'c) Nodo 3', 'd) Nodo 4', 'e) Nodo 5']",Tecnologia de Computação,Inteligência Artificial,"Hill climbing, best first, simulated annealing e Algoritmo A*",C,"tecnologia de computacao - inteligencia artificial - hill climbing, best first, simulated annealing e algoritmo a*",True,False,False,False,True,False
2012-21,2012,21,"O algoritmo $ALGSORT$ ordena vetores de números inteiros distintos usando apenas comparações. Nesse algoritmo, a função $menor(V, i, j)$ retorna o índice $l$, tal que $V [l]$ é o menor número no vetor $V [i..j]$. O custo de tempo de pior caso de $menor(V, i, j)$ é igual a $j - i$ comparações. De forma similar, a função $maior(V, i, j)$ retorna um índice $g$, tal que $V [g]$ é o maior número no vetor $V [i..j]$, também com custo de execução de $j - i$ comparações no pior caso. Para ordenar o vetor $X[1..n]$, $ALGSORT(V, i, j)$ é chamado com os parâmetros, $V = X$, $i = 1$ e $j = n$.

```
ALGSORT (V,i,j);
(1) Se j-i=0 então retorne;
(2) Se j-i=1 então
       Se V[j] < V[i] então
           Troque(V[j],V[i]);
       Fim;
       retorne;
   Fim;
(3) l = menor(V,i,j);
(4) Troque(V[i],V[l]);
(5) g = maior(V,i,j);
(6) Troque(V[j],V[g]);
(7) ALGSORT (V,i+1,j-1);
```

A função que caracteriza o custo de tempo de pior caso, $T (n)$, para a chamada $ALGSORT (X, 1, n)$ é dada por:","['a) $T (n) = T (n - 1) + 2n - 2$', 'b) $T (n) = T (n - 2) + 2n - 2$', 'c) $T (n) = T (n - 2) + n - 1$', 'd) $T (n) = T (n - 2) + (n - 1)^2$', 'e) $T (n) = T(\\frac{n}{2})+ 2n$']",Fundamentos da Computação,Análise de Algoritmos,O Uso de Relações de Recorrência para Análise de Algoritmos Recursivos,B,fundamentos da computacao - analise de algoritmos - o uso de relacoes de recorrencia para analise de algoritmos recursivos,True,True,True,False,True,True
2012-22,2012,22,"O algoritmo $ALGSORT$ ordena vetores de números inteiros distintos usando apenas comparações. Nesse algoritmo, a função $menor(V, i, j)$ retorna o índice $l$, tal que $V [l]$ é o menor número no vetor $V [i..j]$. O custo de tempo de pior caso de $menor(V, i, j)$ é igual a $j - i$ comparações. De forma similar, a função $maior(V, i, j)$ retorna um índice $g$, tal que $V [g]$ é o maior número no vetor $V [i..j]$, também com custo de execução de $j - i$ comparações no pior caso. Para ordenar o vetor $X[1..n]$, $ALGSORT(V, i, j)$ é chamado com os parâmetros, $V = X$, $i = 1$ e $j = n$.

```
ALGSORT (V,i,j);
(1) Se j-i=0 então retorne;
(2) Se j-i=1 então
       Se V[j] < V[i] então
           Troque(V[j],V[i]);
       Fim;
       retorne;
   Fim;
(3) l = menor(V,i,j);
(4) Troque(V[i],V[l]);
(5) g = maior(V,i,j);
(6) Troque(V[j],V[g]);
(7) ALGSORT (V,i+1,j-1);
```

Com relação ao projeto do algoritmo $ALGSORT$, assinale a alternativa correta.","['a) O custo de combinação de $ALGSORT$ é $O(n)$ em função do tamanho da entrada para a chamada \n $ ALGSORT(X, 1, n)$.', 'b) Modificando o trecho das linhas de (3) a (6) de $ALGSORT$, é possível obter um algoritmo assintoticamente menos custoso.', 'c) O tempo de execução para a chamada $ALGSORT (X, 1, n)$ em função de $n$ é $O(n \\log n)$.', 'd) O tempo de execução de $ALGSORT$ é $\\Theta(n^2)$ em função de $n$ para a chamada $ALGSORT (X, 1, n)$.', 'e) O custo do caso base $n = 1$ para a chamada $ALGSORT (X, 1, n)$ em função de $n$ é $T (n) = 1$.']",Fundamentos da Computação,Análise de Algoritmos,O Uso de Relações de Recorrência para Análise de Algoritmos Recursivos,D,fundamentos da computacao - analise de algoritmos - o uso de relacoes de recorrencia para analise de algoritmos recursivos,True,True,True,True,True,True
2012-27,2012,27,"Devido ao volume de informações produzido atualmente e, principalmente, à necessidade de proteger várias dessas informações, técnicas de criptografia têm sido desenvolvidas ou aprimoradas. Uma abordagem criptográfica bastante simples é aquela que consiste na substituição de determinados símbolos por outros. O programa, a seguir, desenvolvido na linguagem C, possui uma função que realiza a criptografia de uma determinada cadeia de caracteres (string), referenciada através de um ponteiro de `char`.

```
#include <stdio.h>
void Cripto (char *inout, int i) {
  char *sibl, c;
  while (*inout) {
    sibl = inout+1;
    if (!sibl)
      break;
    if (*inout >= ’A’ && *inout <= ’Z’)
      *inout += i;
    c = *sibl;
    *sibl = *inout;
    *inout = c;
    inout = sibl+1;
  }
}
```

```
int main() {
  char str[30];
  int i;
  scanf(""%s %d"", str, &i);
  Cripto(str, i);
  printf(""%s\n"", str);
  return 0;
}
```
Assinale a alternativa que apresenta, corretamente, o resultado desse programa quando ele for executado com a entrada a seguir.
```
PosCOMP2012x 3
```","['a) `PosCOMP2012x`', 'b) `OscVmr2S10x2`', 'c) `oSCsMR2S10x2`', 'd) `x2012PosComp`', 'e) `SosCRMS2012x`']",Fundamentos da Computação,Algoritmos e Estrutura de Dados,Cadeias e Processamento de Cadeias,C,fundamentos da computacao - algoritmos e estrutura de dados - cadeias e processamento de cadeias,True,False,False,False,True,False
2012-28,2012,28,"Nas linguagens de programação, uma questão importante é o escopo das declarações. Por exemplo, o escopo de uma declaração de `x` é a região do programa em que os usos de `x` se referem a essa declaração. Nesse sentido, a ligação de um nome a um escopo pode ser estática ou dinâmica. No programa C, a seguir, o identificador `x` é uma macro composta pela expressão `++y`. Por ser uma macro, a resolução de `x` não é realizada somente em termos do texto do programa.
```
#include<stdio.h>
#define x ++y int y = 2;
void M() { int y = 1; printf (""%d "", x); }
void N() { printf(""%d "", x); }
int main() {
  M();
  N();
  return 0;
}
```
Com base nessa execução, assinale a alternativa que apresenta, corretamente, a saída desse programa.","['a) 1 1', 'b) 1 2', 'c) 1 3', 'd) 2 2', 'e) 2 3']",Fundamentos da Computação,Linguagens de Programação,Paradigmas de Linguagens de Programação,E,fundamentos da computacao - linguagens de programacao - paradigmas de linguagens de programacao,True,False,False,True,True,False
2012-29,2012,29,"Um ponteiro é um elemento que proporciona maior controle sobre a memória do computador, principalmente por ser utilizado em conjunto com mecanismos de alocação dinâmica de memória. Dessa forma, o domínio sobre este tipo de dado é muito importante. O código, a seguir, foi escrito na linguagem C++ e trabalha com ponteiros e estruturas dinâmicas.
```
#include <iostream>
using namespace std;
struct No {
  int Dado; No* Prox;
};
int main()
{
  No *L, *i; int n;
  cin >> n;
  if (n == 0) L = NULL;
  else {
    L = new No;
    L->Dado = n--;
    L->Prox = NULL;
    for ( ; n > 0 ; ) {
      i = new No;
      i->Dado = n--;
      i->Prox = L;
      L = i;
    }
  }
  while (L != NULL) {
    cout << L->Dado << "" "";
    L = L->Prox;
  }
  return 0;
}
```
Se, durante a execução desse código, a variável `n` receber o valor 6, a saída do programa será:","['a) 0 1 2 3 4 5 6', 'b) 1 2 3 4 5 6', 'c) 6 5 4 3 2 1', 'd) 6 5 4 3 2 1 0', 'e) 1 2 3 4 5']",Fundamentos da Computação,Algoritmos e Estrutura de Dados,"Estruturas de Dados Lineares e suas Generalizações: Listas Ordenadas, Listas Encadeadas, Pilhas e Filas",B,"fundamentos da computacao - algoritmos e estrutura de dados - estruturas de dados lineares e suas generalizacoes: listas ordenadas, listas encadeadas, pilhas e filas",True,False,False,False,True,False
2012-31,2012,31,"Um tipo especial de sub-rotina é aquela que contém, em sua descrição, uma ou mais chamadas a si mesma. Uma rotina dessa natureza é denominada recursiva. A função recursiva, a seguir, foi desenvolvida na *Linguagem C*.
```
int PosComp (int num, int f) {
  int aux1, aux2;
  if (num < f)
    return PosComp (num, f / 10);
  if (num) {
    aux1 = num / f;
    num = num % f;
    f = f / 10;
    aux2 = PosComp (num, f);
    return aux2 * 10 + aux1;
  }
  else return num;
}
```
Se for realizada uma chamada dessa função com o comando \
`printf (""%d\n"",PosComp(12345,10000));` \
o resultado apresentado no dispositivo de saída será:","['a) 0', 'b) 10000', 'c) 12345', 'd) 54321', 'e) 12300']",Fundamentos da Computação,Algoritmos e Estrutura de Dados,Recursividade: Conceito e Implementação,D,fundamentos da computacao - algoritmos e estrutura de dados - recursividade: conceito e implementacao,True,True,True,False,True,False
2012-32,2012,32,"Em linguagens de programação declarativas, em especial aquelas que seguem o paradigma funcional, a lista é uma estrutura de dados fundamental. Uma lista representa coleções de objetos de um único tipo, sendo composta por dois elementos: a cabeça (*head*) e o corpo (*tail*), exceto quando está vazia. A cabeça é sempre o primeiro elemento e o corpo é uma lista com os elementos da lista original, excetuando-se o primeiro elemento. O programa Haskell, a seguir, apresenta uma função que utiliza essa estrutura de dados.
```
  poscomp :: [Int] -> [Int]
  poscomp [] = []
  poscomp [x] = [x]
  poscomp (a:b:c) | a > b = b : (a : poscomp c)
                  | otherwise = a : (b : poscomp c)
```
Uma chamada a esta função através da consulta
```
poscomp [5,3,4,5,2,1,2,3,4]
```
produzirá o resultado:","['a) [1,2,2,3,3,4,4,5,5]', 'b) [3,5,4,5,1,2,2,3,4]', 'c) [5,3,4,5,2,1,2,3,4]', 'd) [5,4,3,2,1]', 'e) [5,3,4,2,1]']",Fundamentos da Computação,Linguagens de Programação,Paradigmas de Linguagens de Programação,B,fundamentos da computacao - linguagens de programacao - paradigmas de linguagens de programacao,True,True,False,False,True,False
2012-49,2012,49,"O gerenciamento de memória virtual (MV) pressupõe a existência de tabelas de páginas e mecanismos para ranqueamento de páginas, além da existência do princípio da localidade.

Considerando que o algoritmo de MV, utilizado em um dado sistema, permite que as páginas envolvidas na operação de *swapping* sejam de conjuntos residentes diferentes, assinale a alternativa que apresenta, corretamente, o impacto disso sobre os processos em execução.","['a) Deve piorar a taxa de faltas de páginas por não respeitar o princípio da localidade.', 'b) Pode criar a ocorrência de *deadlocks* entre os processos que usam os conjuntos residentes envolvidos.', 'c) Deve melhorar a taxa de faltas de páginas por ajustar o tamanho dos vários conjuntos residentes.', 'd) Não altera a taxa de faltas de páginas pois essas não dependem dos conjuntos residentes.', 'e) Força o bloqueio desnecessário de um processo que não teve falta de página enquanto o *swapping* estava sendo realizado.']",Fundamentos da Computação,Sistemas Operacionais,"Gerenciamento de Memória: Memória Virtual, Paginação, Segmentação e “Swap”",C,"fundamentos da computacao - sistemas operacionais - gerenciamento de memoria: memoria virtual, paginacao, segmentacao e “swap”",True,False,True,True,False,False
2012-50,2012,50,"O projetista de um sistema operacional percebeu, após medições de desempenho, que o sistema apresentava problemas no acesso ao disco, com um tempo de espera médio bastante elevado.

Assinale a alternativa que apresenta, correta e respectivamente, uma causa plausível e sua solução.","['a) Algoritmo para escalonamento de disco ineficiente; troca para algum algoritmo do tipo menor distância primeiro.', 'b) Controle de dispositivo baseado em fila; troca para controle de dispositivo baseado em prioridade.', 'c) Controle de dispositivo baseado em prioridade; troca para controle de dispositivo baseado em fila.', 'd) Algoritmo para escalonamento de disco ineficiente; troca para algum algoritmo do tipo varredura.', 'e) Controle de dispositivo baseado em pilha; troca para controle de dispositivo baseado em prioridade.']",Fundamentos da Computação,Sistemas Operacionais,Gerenciamento de Dispositivos de Entrada/Saída,D,fundamentos da computacao - sistemas operacionais - gerenciamento de dispositivos de entrada/saida,True,False,False,True,False,False
2012-53,2012,53,"Considere as tabelas, a seguir, criadas em um banco de dados relacional através da linguagem SQL.

```
CREATE TABLE Empregado
( ecod int PRIMARY KEY,
  nome varchar (32),
  salario number (7,2),
  dcod int FOREIGN KEY REFERENCES Departamento (dcod));
CREATE TABLE Departamento
( dcod int PRIMARY KEY,
  dnome varchar (12),
  chefe int FOREIGN KEY REFERENCES Empregado (ecod));
```

Sejam as consultas (C1, C2 e C3) também em SQL, a seguir.
```
C1. SELECT nome, salario FROM Empregado E, Departamento D
      WHERE E.dcod = D.dcod AND E.ecod = D.chefe;
C2. SELECT nome, salario FROM Empregado as E INNER JOIN Departamento as D
      ON E.dcod=D.dcod WHERE E.ecod = D.chefe;
C3. SELECT nome, salario FROM E.ecod = D.chefe;
```
Com relação às consultas, assinale a alternativa correta.","['a) Apenas a consulta `C1` retorna o nome e o salário dos chefes dos departamentos.', 'b) Apenas a consulta `C2` retorna o nome e o salário dos chefes dos departamentos.', 'c) Apenas a consulta `C3` retorna o nome e o salário dos chefes dos departamentos.', 'd) As consultas `C1`, `C2` e `C3` são equivalentes e retornam o nome e o salário dos chefes dos departamentos.', 'e) As consultas `C1` e `C2` são equivalentes e retornam o nome e o salário dos chefes dos departamentos.']",Tecnologia de Computação,Banco de Dados,Linguagens de Consulta,E,tecnologia de computacao - banco de dados - linguagens de consulta,True,False,True,True,False,False
2012-55,2012,55,"Suponha uma cena tridimensional composta apenas por duas esferas contidas no volume de visualização. Uma dessas esferas está completamente encoberta pela outra em relação à visão da câmera virtual que utiliza projeção paralela. 

Com base no enunciado e nos conhecimentos sobre o tema, assinale a alternativa correta.","['a) Utilizando o algoritmo de Z-Buffer, a imagem resultante, após a rasterização de ambas as esferas, é a mesma, independentemente de qual esfera é rasterizada primeiro.', 'b) No modelo de iluminação de Phong, a iluminação de uma das esferas depende da cor da segunda esfera.', 'c) O modelo de iluminação de Gouraud descreve a sombra vinda de uma das esferas sobre a outra.', 'd) Os algoritmos de remoção de superfícies ocultas não são úteis na situação descrita, pois ambas as esferas estão dentro do volume de visualização.', 'e) A esfera encoberta pode ser maior que a esfera visível, basta que uma esteja na frente, em relação à visão da câmera, e suficientemente distantes entre si.']",Tecnologia de Computação,Computação Gráfica,"O Processo de “Rendering”: Fontes de Luz, Remoção de Linhas e Superfícies Ocultas, Modelos de Tonalização (“Shading”)",A,"tecnologia de computacao - computacao grafica - o processo de “rendering”: fontes de luz, remocao de linhas e superficies ocultas, modelos de tonalizacao (“shading”)",True,False,False,True,False,False
2012-65,2012,65,"Considere a gramática das expressões a seguir.

$$
\begin{align*}
& S \to E \$ \\
& E \to E + T \\
& E \to T \\
& T \to T * F \\
& T \to F \\
& F \to id \\
& F \to (E)
\end{align*}
$$

Sobre essa gramática, considere as afirmativas a seguir.

I. A gramática é LL(1). \
II. O operador $+$ possui uma precedência maior que o operador $*$. \
III. Não é possível construir um analisador descendente recursivo para a gramática. \
IV. Os terminais $$+ \, * \, ) \, \$ $$ pertencem ao conjunto FOLLOW de $F$. 

Assinale a alternativa correta.","['a) Somente as afirmativas I e II são corretas.', 'b) Somente as afirmativas I e IV são corretas.', 'c) Somente as afirmativas III e IV são corretas.', 'd) Somente as afirmativas I, II e III são corretas.', 'e) Somente as afirmativas II, III e IV são corretas.']",Tecnologia de Computação,Compiladores,Compiladores e Interpretadores,C,tecnologia de computacao - compiladores - compiladores e interpretadores,True,True,True,True,False,False
2013-01,2013,1,"Um determinado serviço pode ser realizado por dois programas distintos, $P_1$ e $P_2$, utilizando algoritmos diferentes. O usuário fornece aos programas um número natural $n \geq 1$ e os programas fornecem uma resposta. O tempo que o programa $P_1$ demora para responder é dado pela fórmula $T_1(n) = n^4$. Já o tempo de resposta do programa $P_2$ é calculado por $T_2(n) = 2^{n-1}$.

Em relação aos programas $P_1$ e $P_2$, assinale a alternativa correta:","['a) Como $\\lim_{n \\to \\infty} T_2(n) = \\lim_{n \\to \\infty} T_1(n) = \\infty$, então $\\lim_{n \\to \\infty} \\frac{T_2(n)}{T_1(n)} = 1$, e, por isso, o programa $P_2$ é mais rápido que o programa $P_1$ para entradas maiores do que um certo número natural $N$.', 'b) Como $\\lim_{n \\to \\infty} \\frac{T_2(n)}{T_1(n)} = \\infty$, então $\\lim_{n \\to \\infty} (T_2(n) - T_1(n)) = \\lim_{n \\to \\infty} T_2(n) - \\lim_{n \\to \\infty} T_1(n) = 0$, por isso, ambos os programas levam o mesmo tempo para dar uma resposta.', 'c) Como $\\lim_{n \\to \\infty} T_2(n) = \\lim_{n \\to \\infty} T_1(n) = \\infty$, então, a partir de um certo número natural $N$, ambos os programas levam o mesmo tempo para dar uma resposta.', 'd) Como $\\lim_{n \\to \\infty} [T_2(n) - T_1(n)] = \\infty$, então o programa $P_1$ é mais rápido que o programa $P_2$ para entradas maiores do que um certo número natural $N$.', 'e) Como $\\lim_{n \\to \\infty} [T_2(n) - T_1(n)] = \\infty$, então o programa $P_2$ é mais rápido que o programa $P_1$ para entradas maiores do que um certo número natural $N$.']",Matemática,Matemática Discreta,Funções,D,matematica - matematica discreta - funcoes,True,False,True,True,False,True
2013-13,2013,13,"Admita que um novo conectivo binário, rotulado pelo símbolo $\updownarrow$, seja definido pela tabela-verdade a seguir:

|$P$|$Q$|$P \updownarrow Q$|
|-|-|-|
|V|V|F|
|V|F|V|
|F|V|F|
|F|F|F|

Com base nessa definição e nas operações usuais com os conectivos $\lor$, $\land$ e $\sim$, considere as afirmativas a seguir:

I. $P \updownarrow Q$ é equivalente a $Q \updownarrow P$. \
II. $(P \updownarrow Q) \lor (Q \updownarrow P)$ não é uma contingência. \
III. $(Q \updownarrow P) \land (P \updownarrow Q)$ é uma contradição. \
IV. $ \sim [(Q \updownarrow P) \land (P \updownarrow Q)]$ é uma tautologia. 

Assinale a alternativa correta.","['a) Somente as afirmativas I e II são corretas.', 'b) Somente as afirmativas I e IV são corretas.', 'c) Somente as afirmativas III e IV são corretas.', 'd) Somente as afirmativas I, II e III são corretas.', 'e) Somente as afirmativas II, III e IV são corretas.']",Matemática,Lógica Matemática,Lógica Proposicional e de Predicados,C,matematica - logica matematica - logica proposicional e de predicados,True,True,False,False,False,True
2013-30,2013,30,"Considere o trecho de código em linguagem de programação C a seguir.
```
main()
  {
    int myCount = 0;
    while (myCount < 10)
    {
      printf(""%d"",myCount+1);
    }
    system(""pause"");
}
```
Assinale a alternativa que apresenta, corretamente, o que esse trecho de código fará ao ser executado.","['a) Mostrará na tela os valores de 0 a 9.', 'b) Mostrará na tela os valores de 1 a 10.', 'c) Escreverá na tela `myCount` por 10 vezes.', 'd) Escreverá na tela 0 por 10 vezes.', 'e) Entrará em looping infinito.']",Fundamentos da Computação,Linguagens de Programação,Paradigmas de Linguagens de Programação,E,fundamentos da computacao - linguagens de programacao - paradigmas de linguagens de programacao,True,False,False,False,True,False
2013-32,2013,32,"Analise os trechos de código em linguagem de programação C a seguir.

**Trecho 1**
```
main()
{
  int mat[2][2] = {{1,2},{3,4}};
  int i,j;
  for (i=0;i<2;i++)
    for (j=0;j<2;j++)
    printf(""%d\n"",mat[i][j]);
  system(""pause"");
}
```

**Trecho 2**
```
main()
{
  int mat[2][2] = {{1,2},{3,4}};
  int *p = &mat[0][0];
  int i;
  for (i=0;i<4;i++)
    printf(""%d\n"",*(p+i));
  system(""pause"");
}
```
Com base nesses trechos, assinale a alternativa correta.","['a) O Trecho 1 imprimirá os valores da matriz mat e o Trecho 2 indicará um erro de sintaxe na inicialização do ponteiro.', 'b) O Trecho 1 imprimirá os valores da matriz mat e o Trecho 2 indicará um erro de sintaxe no laço de repetição.', 'c) O Trecho 1 imprimirá os valores da matriz mat e o Trecho 2 imprimirá valores desconhecidos alocados na memória.', 'd) Ambos os trechos de código imprimirão o mesmo conteúdo na tela.', 'e) Ambos os trechos de código indicarão erro de sintaxe na inicialização da matriz mat.']",Fundamentos da Computação,Linguagens de Programação,Paradigmas de Linguagens de Programação,D,fundamentos da computacao - linguagens de programacao - paradigmas de linguagens de programacao,True,False,True,True,False,False
2013-49,2013,49,"Um analista de suporte percebeu que o servidor de arquivos da empresa apresentava lentidão em determinados períodos do dia.

Assinale a alternativa que apresenta, correta e respectivamente, uma causa plausível e sua solução ótima.","['a) Algoritmo para escalonamento de disco ineficiente, devendo-se trocá-lo por outro algoritmo.', 'b) Aparecimento de fenômeno de thrashing, devendo-se restringir o número de usuários simultâneos.', 'c) Aparecimento de fenômeno de thrashing, devendo-se aumentar a quantidade de memória no servidor.', 'd) Aparecimento de fenômenos de rajada, devendo-se separar os serviços oferecidos entre mais de um servidor.', 'e) Aparecimento de fenômenos de rajada, devendo-se restringir o número de usuários simultâneos.']",Fundamentos da Computação,Sistemas Operacionais,Gerenciamento de Dispositivos de Entrada/Saída,D,fundamentos da computacao - sistemas operacionais - gerenciamento de dispositivos de entrada/saida,True,False,False,True,False,False
2013-51,2013,51,"Uma empresa de auditoria foi contratada para analisar o banco de dados do SUS (Sistema Único de Saúde). A primeira tarefa é encontrar os pares de médicos cadastrados que possuem o mesmo nome (homônimos) e números diferentes no CRM (Conselho Regional de Medicina) para verificar possíveis fraudes. Considere que a tabela que armazena os médicos possui o cadastro no CRM como chave primária e as seguintes colunas: nome, endereço, telefone, especialidade, datadeingresso. 

Assinale a alternativa que apresenta, corretamente, a consulta em SQL que busca os resultados ordenados pelo nome dos médicos.","['a)\n```\nSELECT M1.nome, M1.crm, M2.crm FROM Medicos as M1, Medicos as M2\nWHERE M1.nome = M2.nome AND crm1 > crm2\nGROUP BY nome;\n```', 'b) \n```\nSELECT M1.nome, M1.crm, M2.crm FROM Medicos M1 JOIN Medicos M2\nON M1.nome = M2.nome WHERE M1.crm > M2.crm\nORDER BY M1.nome;\n```', 'c) \n```\nSELECT M1.nome, M1.crm, M2.crm FROM Medicos M1\nWHERE nome IN (SELECT nome FROM Medicos M2 WHERE M1.nome = nome AND M1.crm > crm)\nORDER BY nome;\n```', 'd) \n```\nSELECT nome, M1.crm, M2.crm FROM Medicos M1 NATURAL JOIN Medicos M2 WHERE\nM1.crm > M2.crm\nORDER BY nome;\n```', 'e) \n```\nSELECT * FROM Medicos as M1, Medicos as M2\nWHERE M1.nome LIKE M2.nome AND crm1 > crm2\nGROUP BY M1.nome;\n```']",Tecnologia de Computação,Banco de Dados,Linguagens de Consulta,B,tecnologia de computacao - banco de dados - linguagens de consulta,True,True,False,True,True,False
2013-70,2013,70,"Considere a gramática a seguir.
$$
\begin{align*}
& A \to a \\
& A \to C B A \\
& B \to \\
& B \to b \\
& C \to B \\
& C \to c
\end{align*}
$$
Sobre essa gramática, assinale a alternativa correta.","['a) O conjunto FIRST de $B$ é $\\{b, c\\}$.', 'b) O conjunto FIRST de $C$ é $\\{a, b\\}$.', 'c) O conjunto FOLLOW de $A$ é vazio.', 'd) O conjunto FOLLOW de $C$ é vazio.', 'e) O conjunto FOLLOW de $B$ é $\\{a, b\\}$.']",Tecnologia de Computação,Compiladores,Análise Léxica e Sintática,C,tecnologia de computacao - compiladores - analise lexica e sintatica,True,True,True,False,False,False
2014-03,2014,3,"Acerca da posição relativa das retas $r$ e $s$ no espaço $\mathbb{R}^3$, com vetores diretores $\vec{r} = (1, 2, 3)$ e $\vec{s} = (0, 2, 3)$ passando, respectivamente, pelos pontos $(0, 0, 3)$ e $(1, 2, 0)$, assinale a alternativa correta.","['a) $r$ e $s$ são coplanares concorrentes.', 'b) $r$ e $s$ são coplanares paralelas coincidentes.', 'c) $r$ e $s$ são coplanares paralelas distintas.', 'd) $r$ e $s$ são reversas.', 'e) $r$ e $s$ são perpendiculares.']",Matemática,Geometria Analítica,"Posições Relativas, Interseções, Distâncias e Ângulos",D,"matematica - geometria analitica - posicoes relativas, intersecoes, distancias e angulos",True,False,False,True,False,False
2014-11,2014,11,"Considere a expressão condicional de um trecho de código Pascal dado a seguir.
```
if (B or (A and not (A and B))) then
    F:= 0
else
    F:= 1;
```

Assinale a alternativa que apresenta, corretamente, a forma mais simples do termo antecedente da expressão condicional.","['a) `A or B`', 'b) `A and B`', 'c) `not (A and B)`', 'd) `not (A)`', 'e) `not (B)`']",Matemática,Lógica Matemática,Lógica Proposicional e de Predicados,A,matematica - logica matematica - logica proposicional e de predicados,True,False,True,True,False,False
2014-21,2014,21,"Considere o pseudocódigo a seguir.

```
    HUFFMAN(C)
(1) n = |C|
(2) Q = C
(3) for i=1 to n-1
(4)    alocar um novo nó z
(5)    z.esquerda = x = EXTRAIR_MIN(Q)
(6)    z.direita = y = EXTRAIR_MIN(Q)
(7)    z.freq = x.freq + y.freq
(8)    INSERIR(Q, z)
(9) return EXTRAIR_MIN(Q) //retorna a raiz da árvore
```

Sobre o pseudocódigo, é correto afirmar que é um algoritmo","['a) aproximado.', 'b) divisão-e-conquista.', 'c) guloso.', 'd) recursivo.', 'e) tentativa e erro.']",Fundamentos da Computação,Algoritmos e Estrutura de Dados,"Árvores e suas Generalizações: Árvores Binárias, Árvores de Busca e Árvores Balanceadas",C,"fundamentos da computacao - algoritmos e estrutura de dados - arvores e suas generalizacoes: arvores binarias, arvores de busca e arvores balanceadas",True,False,True,True,True,False
2014-22,2014,22,"Considere o pseudocódigo a seguir.

```
    HUFFMAN(C)
(1) n = |C|
(2) Q = C
(3) for i=1 to n-1
(4)    alocar um novo nó z
(5)    z.esquerda = x = EXTRAIR_MIN(Q)
(6)    z.direita = y = EXTRAIR_MIN(Q)
(7)    z.freq = x.freq + y.freq
(8)    INSERIR(Q, z)
(9) return EXTRAIR_MIN(Q) //retorna a raiz da árvore
```
Sobre o comportamento assintótico desse pseudocódigo, é correto afirmar que sua complexidade é","['a) $O (n^2)$', 'b) $O (n^3)$', 'c) $O (2^n)$', 'd) $O (2n)$', 'e) $O (n \\log n)$']",Fundamentos da Computação,Análise de Algoritmos,"Medidas de Complexidade, Análise Assintótica de Limites de Complexidade, Técnicas de Prova de Cotas Inferiores",E,"fundamentos da computacao - analise de algoritmos - medidas de complexidade, analise assintotica de limites de complexidade, tecnicas de prova de cotas inferiores",True,False,True,True,True,True
2014-30,2014,30,"Considere o algoritmo a seguir.
```
Algoritmo
    declare valor, i, x, D, N, j, termo numérico;
    valor ← 1;
    i ← 2;
    x ← 2
    repita
        N ← x^i;
        j ← 1;
        D ← 2;
        repita
            D ← D * j;
            j ← j + 1;
            se j >= i então
                interrompa;
            fim_se
        fim_repita
        termo ← (-1)^(i+1) * N/D;
        valor ← valor + termo;
        i ← i + 1;
        se i > 5 então
            interrompa;
        fim_se
    fim_repita
    escreva “Valor =”, valor;
Fim Algoritmo.
```

Assinale a alternativa que apresenta, corretamente, o conteúdo da variável “valor” ao final da execução do algoritmo.","['a) 0,2220', 'b) 0,3330', 'c) 1,2220', 'd) 1,3330', 'e) 3,1416']",Fundamentos da Computação,Análise de Algoritmos,Análise de Algoritmos Iterativos e Recursivos,B,fundamentos da computacao - analise de algoritmos - analise de algoritmos iterativos e recursivos,True,False,False,False,True,False
2014-33,2014,33,"Considere o algoritmo, apresentado na forma de uma pseudolinguagem (Português Estruturado), a seguir. As variáveis N e Y devem assumir valores positivos.
```
Algoritmo
    declare N, X, Y, i numérico;
    leia N;
    leia Y;
    i ← 1;
    X ← Y / 2;
    repita
        X ← (X^2 + Y) / (2 * X);
        i ← i + 1;
        se i > N então
            interrompa;
        fim se
    fim repita
    escreva “X =”, X;
Fim Algoritmo.
```

Assinale a alternativa que apresenta, corretamente, a relação existente entre os valores das variáveis X e Y.","['a) $X = Y \\div N$', 'b) $X = Y \\times N$', 'c) $X = \\sqrt{Y}$', 'd) $X = e^Y$', 'e) $X = Y \\div 2$']",Fundamentos da Computação,Análise de Algoritmos,Análise de Algoritmos Iterativos e Recursivos,ANULADA,fundamentos da computacao - analise de algoritmos - analise de algoritmos iterativos e recursivos,True,False,True,True,True,False
2014-38,2014,38,"Considere o trecho de algoritmo, apresentado na forma de uma pseudolinguagem (Português Estruturado), a seguir. Assuma que no comando “`leia A, B, C, D;`” os valores lidos são, respectivamente, 12, 25, 96 e 15 e a função `RESTO (x,y)` apresenta o resto da divisão de `x` por `y`.
```
leia A, B, C, D;
resp ← 1;
i ← 2;
repita
    se (RESTO(A, i) = 0 ou RESTO(B, i) = 0 ou RESTO(C, i) = 0 ou RESTO(D, i) = 0) então
        resp ← resp * i;
        se (RESTO(A, i) = 0) então
            A ← A / i;
        fim se
        se (RESTO(B, i) = 0) então
            B ← B / i;
        fim se
        se (RESTO(C, i) = 0) então
            C ← C / i;
        fim se
        se (RESTO(D, i) = 0) então
            D ← D / i;
        fim se
    senão
        i ← i + 1;
    fim se

    se (A = 1 e B = 1 e C = 1 e D = 1) então
        interrompa;
    fim se
 fim repita
 escreva “Resposta =”, resp;
fim repita
```

Assinale a alternativa que apresenta, corretamente, o conteúdo da variável `resp`, impresso no comando “`escreva “Resposta =”, resp;`”.","['a) 480', 'b) 800', 'c) 1200', 'd) 2400', 'e) 12000']",Fundamentos da Computação,Algoritmos e Estrutura de Dados,Metodologia de Desenvolvimento de Algoritmos,D,fundamentos da computacao - algoritmos e estrutura de dados - metodologia de desenvolvimento de algoritmos,True,False,False,False,True,False
2014-70,2014,70,"Considere o trecho de código a seguir.
```
a := 0
b := a + 1
c := c + b
a := b * 2
```

Assinale a alternativa que apresenta, corretamente, as variáveis que estarão vivas no início do trecho desse código.","['a) `a`', 'b) `b`', 'c) `c`', 'd) `a`, `b`', 'e) `b`, `c`']",Tecnologia de Computação,Compiladores,Ambientes de Tempo de Execução,C,tecnologia de computacao - compiladores - ambientes de tempo de execucao,True,False,False,True,False,False
2015-04,2015,4,"Considere a reta r, no espaço tridimensional, de equações paramétricas $x =1+ 3t$ , $y=-2+ 4t$ e $z =1-3t$, $ t \in\mathbb{R}$. O plano que é perpendicular à reta $r$ e passa pelo ponto $P(1, 2, 3)$ intersecta o plano $xOy$ segundo a seguinte reta:","['a) $- 3x + 4z = - 2$', 'b) $3x + 4y = 2$', 'c) $4x + 3y = 2$', 'd) $z - 2y = - 6$', 'e) $4x - 3y = 2$']",Matemática,Geometria Analítica,"Posições Relativas, Interseções, Distâncias e Ângulos",B,"matematica - geometria analitica - posicoes relativas, intersecoes, distancias e angulos",True,False,False,True,False,False
2015-26,2015,26,"Analise o seguinte programa descrito na forma de pseudocódigo:

```
1. algoritmo
2. declare X[10], n, i, aux, flag numérico
3. para i ← 1 até 10 faça
4. leia X[i]
5. n ← 1
6. flag ← 1
7. enquanto (n \leq 10 E flag = 1) faça
8. inicio
9. flag ← 0
10. para i ← 1 até 9 faça
11. inicio
12. se (X[i] < X[i+1]) então
13. inicio
14. flag ← 1
15. aux ← X[i]
16. X[i] ← X[i+1]
17. X[i+1] ← aux
18. fim_se
19. fim_para
20. n ← n + 1
21. fim_enquanto
22. para i ← 1 até 10 faça
23. escreva X[i]
24. fim_algoritmo
```
Esse programa realiza a ordenação decrescente de um vetor de números inteiros, que implementa o algoritmo de","['a) ordenação rápida.', 'b) ordenação por troca.', 'c) ordenação por seleção.', 'd) ordenação por inserção.', 'e) ordenação por intercalação.']",Fundamentos da Computação,Algoritmos e Estrutura de Dados,Algoritmos para Pesquisa e Ordenação,B,fundamentos da computacao - algoritmos e estrutura de dados - algoritmos para pesquisa e ordenacao,True,False,True,False,True,False
2015-28,2015,28,"Considere o seguinte código desenvolvido em Java.
```
public class Animal {
    int numeroPatas;
    public void fale (){};
}
public class Cao extends Animal {
    public void fale() {
       System.out.println (""au au"");
    }
}

public class Gato extends Animal {
    public void fale() {
        System.out.println (""miau"");
    }
}

public class GatoPersa extends Gato {
    public void fale() {
        System.out.println (""miauuuu"");
    }
}

public class Tigre extends Gato {
    public void fale() {
        super.fale();
        System.out.println (""rrrrrr"");
    }
}

public class Principal {
    public static void main(String[] args) {
        Gato gato = new GatoPersa();
        gato.fale();
        Cao cao = new Cao();
        cao.fale();
        Tigre tigre = new Tigre();
        tigre.fale();
    }
}
```
Ao executar o código, a saída impressa no console é:","['a) miauuuu au au miau rrrrrr', 'b) miauuuuu au au rrrrrr', 'c) miau au au miau miau', 'd) miau au au rrrrrr', 'e) miau au au miau rrrrrr']",Fundamentos da Computação,Linguagens de Programação,"Teoria dos Tipos: Sistemas de Tipos, Polimorfismo",A,"fundamentos da computacao - linguagens de programacao - teoria dos tipos: sistemas de tipos, polimorfismo",True,False,False,True,True,False
2015-30,2015,30,"Considere o seguinte código em linguagem C.
```
int y = 12, z = -4, w = 0, x;
for (x = 0; x<9; x=x+3)
{
    while (w<3){
       y = z + w++;
    }
    if (x % 2 == 0)
      y = z + x;
    else
      y++;
    z++;
    printf (""x:%d y:%d z:%d \n"", x, y, z);
}
```
Ao executar o código, qual é a saída impressa na tela?","['a) x:0 y:-3 z:3\nx:3 y:-4 z:2\nx:4 y:4 z:1', 'b) x:0 y:-4 z:-3\nx:3 y:-2 z:-2\nx:5 y:4 z:1', 'c) x:0 y:-4 z:-2\nx:3 y:-2 z:-2\nx:5 y:2 z:-1', 'd) x:0 y:-4 z:-3\nx:3 y:-3 z:-1\nx:6 y:4 z:0', 'e) x:0 y:-4 z:-3\nx:3 y:-3 z:-2\nx:6 y:4 z:-1']",Fundamentos da Computação,Linguagens de Programação,Paradigmas de Linguagens de Programação,E,fundamentos da computacao - linguagens de programacao - paradigmas de linguagens de programacao,True,True,False,False,True,False
2015-31,2015,31,"Considere o código em linguagem C a seguir.
```
void funcao (float n) { }
main() {
long numero;
funcao (numero);
}
```
No referido código, a conversão implícita de tipos é um polimorfismo chamado","['a) coerção.', 'b) sobrecarga.', 'c) paramétrico.', 'd) abstração.', 'e) público.']",Fundamentos da Computação,Linguagens de Programação,"Teoria dos Tipos: Sistemas de Tipos, Polimorfismo",A,"fundamentos da computacao - linguagens de programacao - teoria dos tipos: sistemas de tipos, polimorfismo",True,False,True,True,False,False
2015-41,2015,41,"Considere uma linguagem $ L $ e as classes de problemas $ \text{IP} $, $ \text{NP} $ e $ \text{coNP} $, esta última definida como $\text{coNP} = \{ L \in \text{NP} \mid \overline{L} \in \text{NP} \}$. A sequência de implicações lógicas a seguir corresponde a uma tentativa de prova do teorema 
""se $ L \in \text{IP} $ então $ L \in \text{coNP} $"":
$$
\begin{align*}
& L \in \text{IP} \underset{\text{I}}{\Rightarrow} \overline{L} \in \text{IP} \underset{\text{II}}{\Rightarrow} \overline{L} \in \text{INP} \\
& L \in \text{IP} \underset{\text{III}}{\Rightarrow} L \in \text{INP} \\
& L \in \text{INP} \text{ e } \overline{L} \in \text{INP} \underset{\text{IV}}{\Rightarrow} L \in \text{coNP}
\end{align*}
$$","['a) a prova não está correta, porque a implicação lógica I é falsa.', 'b) a prova não está correta, porque a implicação lógica IV é falsa.', 'c) a prova é correta, porém a implicação lógica III é falsa.', 'd) a prova é correta, porém a implicação lógica II é falsa.', 'e) a prova está correta, pois as implicações lógicas são verdadeiras.']",Fundamentos da Computação,"Linguagens Formais, Autômatos e Computabilidade","Classes de Problemas P, NP, NP Completo e NP-Difícil",E,"fundamentos da computacao - linguagens formais, automatos e computabilidade - classes de problemas p, np, np completo e np-dificil",True,False,True,True,False,False
2015-45,2015,45,"Em um sistema operacional multitarefa, três processos compartilham dois recursos. Cada um destes processos possui, no mínimo,","['(A) seis seções críticas.', '(B) quatro seções críticas.', '(C) três seções críticas.', '(D) duas seções críticas.', '(E) uma seção crítica.']",Fundamentos da Computação,Sistemas Operacionais,"Comunicação, Concorrência e Sincronização de Processos",E,"fundamentos da computacao - sistemas operacionais - comunicacao, concorrencia e sincronizacao de processos",True,False,False,True,False,False
2015-46,2015,46,"Considere um cenário de um sistema operacional que implementa um sistema de arquivos com método de alocação de espaço em disco baseado na alocação encadeada, a exemplo do popular sistema de arquivos FAT ( file allocation table). Em um disco rígido com tamanho de setor igual a 512 bytes, criou-se uma partição e a formatou com esse sistema de arquivos usando 2048 bytes para o tamanho de blocos (clusters). Durante a escrita de dados em diferentes arquivos nessa partição, foi criado o arquivo ARQ.DAT que, após ter todos os seus dados armazenados, totalizou 1024 bytes de tamanho. Nesse cenário, o arquivo ARQ.DAT","['a) pode ter seu conteúdo fragmentado no disco, pois já existiam outros arquivos no disco durante a sua criação e gravação, e o sistema de arquivos em uso permite a fragmentação.', 'b) pode ter seu conteúdo fragmentado no disco, pois seus dados foram armazenados concomitantemente com o armazenamento de dados de outros arquivos, e o sistema de arquivos em uso permite a fragmentação.', 'c) pode ter seu conteúdo fragmentado no disco, pois seus dados ocupam, no mínimo, dois setores e o sistema de arquivos em uso permite a fragmentação.', 'd) possui tamanho que não permite que seu conteúdo esteja fragmentado no disco.', 'e) não possui seu conteúdo fragmentado no disco, pois o sistema de arquivos em uso não permite a fragmentação.']",Fundamentos da Computação,Sistemas Operacionais,Gerenciamento de Arquivos,D,fundamentos da computacao - sistemas operacionais - gerenciamento de arquivos,True,False,False,True,False,False
2015-49,2015,49,"Analise o trecho de código em linguagem C a seguir.
```
A[12] = h + a[8]
```
Em linguagem MIPS, qual é o código de montagem correspondente?","['a) lw $t1, 12($s3)\nadd $to, $s2, $t0\nSw $to, 24 ($s3)', 'b) lw $t0, 32($s3)\nadd $to, $s2, $t0\nSw $to, 48 ($s3)', 'c) lw $t0, 6($s3)\nadd $to, $s2, $t0\nSw $t1, 12 ($s3)', 'd) lw $t1, 32($s3)\nadd $to, $s2, $t0\nSw $t1, 48 ($s1)', 'e) lw $t0, 12($s3)\nadd $to, $s2, $t0\nSw $t1, 36 ($s2)']",Fundamentos da Computação,Técnicas de Programação,Comandos de uma Linguagem de programação,B,fundamentos da computacao - tecnicas de programacao - comandos de uma linguagem de programacao,True,False,False,True,False,False
2015-50,2015,50,"Um sistema operacional utiliza o algoritmo Buddy system em seu alocador de memória no espaço do usuário. Este alocador se inicia com um bloco de memória livre de 1024 bytes e utiliza um mapa de bits para controlar a quantidade e a posição da memória alocada. Cada bit no mapa representa uma unidade de alocação de 64 bytes. Neste cenário, considere que um processo, logo após ser criado, execute a seguinte sequência de operações:
```
ptr1=malloc(64);
ptr2=malloc(192);
ptr4=malloc(64);
free(ptr2);
free(ptr4);
ptr2=malloc(193);
```
Após a execução com sucesso da sequência de operações listadas, a configuração do mapa de bits é:","['a) 1111100000000000', 'b) 1000111100000000', 'c) 1000011100000000', 'd) 0000111100000000', 'e) 0000000011100001']",Fundamentos da Computação,Sistemas Operacionais,"Gerenciamento de Memória: Memória Virtual, Paginação, Segmentação e “Swap”",B,"fundamentos da computacao - sistemas operacionais - gerenciamento de memoria: memoria virtual, paginacao, segmentacao e “swap”",True,True,False,False,True,False
2015-51,2015,51,"Considere o esquema de banco de dados relacional para uma clínica médica, em que as chaves primárias estão sublinhadas: PACIENTE (CPF, Nome, Sexo, DataDeNascimento); MEDICO (CRM, Nome, Sexo); CONSULTA (CPF, DataHora, CRM, Sala); MEDICAMENTO (Codigo, Nome, PrincipioAtivo); e PRESCRICAO (CPF, DataHora, Codigo, Posologia). Os atributos CPF em CONSULTA, CRM em CONSULTA, (CPF, DataHora) em PRESCRICAO e Codigo em PRESCRICAO são chaves estrangeiras que referenciam, respectivamente, PACIENTE, MEDICO, CONSULTA e MEDICAMENTO. A expressão SQL pertinente à consulta “qual o nome dos medicamentos prescritos mais de uma vez, por um particular médico para um mesmo paciente, restrito às consultas em que médico e paciente possuem o mesmo nome?” é:","['a) SELECT DISTINCT X.NOME FROM MEDICAMENTO X WHERE 2 < ( SELECT COUNT(*) FROM PACIENTE V JOIN MEDICO W JOIN CONSULTA Y JOIN PRESCRICAO Z ON V.CPF = Y.CPF AND W.CRM = Y.CRM AND Z.CPF = Y.CPF AND Z.DATAHORA = Y.DATAHORA WHERE Z.CODIGO = X.CODIGO AND V.NOME = W.NOME )', 'b) SELECT DISTINCT X.NOME FROM PACIENTE V JOIN MEDICO W JOIN MEDICAMENTO X JOIN CONSULTA Y JOIN PRESCRICAO Z ON V.CPF = Y.CPF AND W.CRM = Y.CRM AND Z.CPF = Y.CPF AND Z.DATAHORA = Y.DATAHORA AND Z.CODIGO = X.CODIGO WHERE V.NOME = W.NOME GROUP BY Y.CPF, Y.CRM, X.CODIGO, X.NOME', 'c) SELECT DISTINCT X.NOME FROM MEDICAMENTO X WHERE 2 > ( SELECT COUNT(*) FROM PACIENTE V JOIN MEDICO W JOIN CONSULTA Y JOIN PRESCRICAO Z ON V.CPF = Y.CPF AND W.CRM = Y.CRM AND Z.CPF = Y.CPF AND Z.DATAHORA = Y.DATAHORA WHERE Z.CODIGO = X.CODIGO AND V.NOME = W.NOME )', 'd) SELECT DISTINCT X.NOME FROM PACIENTE V JOIN MEDICO W JOIN MEDICAMENTO X JOIN CONSULTA Y JOIN PRESCRICAO Z ON V.CPF = Y.CPF AND W.CRM = Y.CRM AND Z.CPF = Y.CPF AND Z.DATAHORA = Y.DATAHORA AND Z.CODIGO = X.CODIGO WHERE V.NOME = W.NOME GROUP BY Y.CPF, Y.CRM, X.CODIGO, X.NOME HAVING COUNT(*) > 1', 'e) SELECT DISTINCT X.NOME FROM PACIENTE V NATURAL JOIN MEDICO W NATURAL JOIN MEDICAMENTO XNATURAL JOIN CONSULTA Y NATURAL JOIN PRESCRICAO Z WHERE V.NOME = W.NOME GROUP BY X.CODIGO, X.NOME HAVING COUNT(*) > 1']",Tecnologia de Computação,Banco de Dados,Linguagens de Consulta,D,tecnologia de computacao - banco de dados - linguagens de consulta,True,True,False,True,False,False
2015-52,2015,52,"Deadlock ocorre quando cada transação, em um conjunto de duas ou mais transações, está em estado de espera por algum item de dado, que está bloqueado por alguma outra transação no conjunto. Considere o seguinte cenário: há duas transações, T1 e T2, em que T1 está bloqueando o item de dado X e T2 necessita bloquear X. Um protocolo de tratamento de deadlock possui as seguintes características: é um protocolo de prevenção de deadlock; a decisão por qual transação abortar não considera o timestamp de T1 e T2; se T1 já estiver em estado de espera no momento em que T2 precisou bloquear X, T2 será abortada, caso contrário T2 entrará em estado de espera. Esse protocolo é denominado","['a) tempo expirado (timeout).', 'b) baseado no grafo (wait-for).', 'c) espera-cautelosa (cautious-waiting).', 'd) esperar-ou-morrer (wait-die).', 'e) ferir-ou-esperar (wound-wait).']",Tecnologia de Computação,Banco de Dados,"Sistemas de Gerenciamento de Bancos de Dados (SGBD): Arquitetura, Segurança, Integridade, Concorrência, Recuperação após Falha, Gerenciamento de Transações",C,"tecnologia de computacao - banco de dados - sistemas de gerenciamento de bancos de dados (sgbd): arquitetura, seguranca, integridade, concorrencia, recuperacao apos falha, gerenciamento de transacoes",True,False,True,False,False,False
2016-01,2016,1,"Uma empresa de logística e transporte rodoviário tem três tipos de caminhões (tipo 1, tipo 2 e tipo 3), sendo que cada caminhão tem capacidade para transportar equipamentos com 3 diferentes dimensões, conforme o número de unidades correspondente, de acordo com o que está descrito na tabela abaixo:
```

| Caminhão       | Dimensão A | Dimensão B | Dimensão C |
|----------------|------------|------------|------------|
|Caminhão tipo 1 |     1      |     0      |     1      |
|Caminhão tipo 2 |     2      |     2      |     1      |
|Caminhão tipo 3 |     1      |     1      |     2      |

```
A quantidade de caminhões carregados com a sua capacidade máxima que deve ser usada para transportar, respectivamente, 23 equipamentos com a dimensão A, 18 equipamentos com a dimensão B e 20 equipamentos com a dimensão C é:","['a) 4 caminhões do tipo 1; 7 caminhões do tipo 2 e 5 caminhões do tipo 3.', 'b) 5 caminhões do tipo 1; 6 caminhões do tipo 2 e 6 caminhões do tipo 3.', 'c) 3 caminhões do tipo 1; 7 caminhões do tipo 2 e 5 caminhões do tipo 3.', 'd) 1 caminhão do tipo 1; 5 caminhões do tipo 2 e 8 caminhões do tipo 3.', 'e) 5 caminhões do tipo 1; 7 caminhões do tipo 2 e 4 caminhões do tipo 3.']",Matemática,Álgebra Linear,Introdução à Programação Linear,E,matematica - algebra linear - introducao a programacao linear,True,False,False,True,False,False
2016-30,2016,30,"Assinale a alternativa que corresponde à saída do programa a seguir:
```

int i, x = 4, w = 9, q;
for (i = -1; i < 20; i+= 3){
   x++;
   for (q = 4; q < 11; q++){
       do {
           i += 3;
           w = sizeof(i);
           i = x + w;
           x = w + i;
       } while (x < 15);
    }
}
printf(""x: %d, i : %d"", x, i); 

```","['a) $x: 68, i: 67.$', 'b) $x: 68, i: 68.$', 'c) $x: 69, i: 68.$', 'd) $x: 69, i: 69.$', 'e) $x: 69, i: 70.$']",Fundamentos da Computação,Linguagens de Programação,Paradigmas de Linguagens de Programação,ANULADA,fundamentos da computacao - linguagens de programacao - paradigmas de linguagens de programacao,True,True,False,False,True,False
2016-38,2016,38,"Assinale a alternativa correta a respeito do algoritmo em Java a seguir.

```

Set<Integer> numeros = new TreeSet<Integer>();
Random rand = new Random();
while (numeros.size() < 20){
    numeros.add(rand.nextInt(101));
}
System.out.println(""Números: "" + numeros);

```","['a) Os números impressos no console variam de 0 até 100 sem repetição.', 'b) Os números impressos no console variam de 0 até 101 com repetição.', 'c) A classe TreeSet garante que os números não se repitam.', 'd) A classe Set gera números aleatórios.', 'e) Vinte e um números serão sorteados.']",Fundamentos da Computação,Linguagens de Programação,Paradigmas de Linguagens de Programação,ANULADA,fundamentos da computacao - linguagens de programacao - paradigmas de linguagens de programacao,True,False,True,True,True,False
2016-41,2016,41,"Considere a linguagem 
$$L = \{ ww \mid w \in \{a,b\}^+ \}
$$
sobre a construção e a eficiência de algoritmos para aceitar L sobre uma máquina de Turing padrão e assinale a alternativa correta.","['a) Contar o número de símbolos. Se a contagem é feita em unário, a operação tem custo O(n). Emseguida, escrever a primeira metade em outra fita. Essa também é uma operação com custo O(n).\nFinalmente, a comparação pode ser feita em O(n) movimentos.', 'b) Encontrar o meio da cadeia e voltar para fazer o mathc (casamento) dos símbolos. Ambas as partes são feitas em $O( n^2 )$ movimentos.', 'c) Adivinhar o meio da cadeia não deterministicamente em um movimento. A correspondência leva $O( n^2 )$ movimentos.', 'd) Advinhar o meio da cadeia e proceder como em (a). O custo total é O(n) movimentos.', 'e) Iniciar em uma das extremidades da cadeia e contar até o meio. O custo é $O( n^2 )$movimentos.']",Fundamentos da Computação,"Linguagens Formais, Autômatos e Computabilidade",Máquina de Turing,B,"fundamentos da computacao - linguagens formais, automatos e computabilidade - maquina de turing",True,True,False,True,True,False
2016-46,2016,46,"Em um sistema computacional multiprocessado, onde o sistema operacional realiza escalonamento de tarefas do tipo preemptivo, três processos (P1, P2 e P3) compartilham recursos (R1, R2 e R3). Os processos P1 e P2 concorrem entre si ao acesso do recurso R1, enquanto P2 e P3 concorrem entre si ao acesso dos recursos R2 e R3. Os recursos R1 e R3 são preemptíveis, ou seja, podem sofrer preempção; R2 é um recurso não preemptível. Todos os três processos usam o mesmo mecanismo de exclusão mútua para garantir acesso exclusivo em suas seções críticas. Com base nesse cenário, é correto afirmar que:","['a) Não é possível ocorrer deadlock entre os três processos.', 'b) É possível ocorrer deadlock entre P1 e P2.', 'c) É possível ocorrer deadlock entre P2 e P3.', 'd) É possível ocorrer deadlock entre P1 e P3.', 'e) É possível ocorrer deadlock com uma espera circular entre P1, P2 e P3.']",Fundamentos da Computação,Sistemas Operacionais,"Comunicação, Concorrência e Sincronização de Processos",A,"fundamentos da computacao - sistemas operacionais - comunicacao, concorrencia e sincronizacao de processos",True,False,False,True,False,False
2016-50,2016,50,"Um VSNT (Veículo Submarino Não Tripulado) é usado para monitoramento de plataformas de petróleo marítimas. O VSNT tira uma foto a cada 1 minuto. O tamanho de cada arquivo de foto é padronizado em 5 kB. As fotos são armazenadas em uma partição do disco rígido do VSNT, a qual é formatada com sistema de arquivos FAT32 e tamanho de bloco (cluster) de 4 kB. O tempo de missão do VSNT é de uma hora. Após o término de cada missão, as fotos são copiadas do VSNT para um computador, que utiliza uma partição FAT32 formatada com clusters de 8 kB. Com base nesse cenário, o espaço necessário no computador para armazenar todos os arquivos do VSNT em uma missão é de:\
**kB: kilobyte**\
**1 kB = 1024 bytes**","['A) 240 kB.', 'B) 300 kB.', 'C) 360 kB.', 'D) 480 kB.', 'E) 600 kB.']",Fundamentos da Computação,Sistemas Operacionais,Gerenciamento de Arquivos,D,fundamentos da computacao - sistemas operacionais - gerenciamento de arquivos,True,False,False,True,False,False
2016-52,2016,52,"Considere um banco de dados para apoiar a correção das provas do POSCOMP. Sabe-se que há as relações CANDIDATO, QUESTAO e RESPOSTA. O atributo X da relação QUESTAO é uma chave estrangeira. Com base apenas nessas informações, analise as assertivas abaixo sobre a definição de restrições para essa chave estrangeira:\
I. Pode ter valores repetidos nas tuplas de QUESTAO.\
II. Pode ter valor nulo em algumas das tuplas de QUESTAO.\
III. Pode referenciar, ao mesmo tempo, as relações CANDIDATO e RESPOSTA.\
IV. Pode referenciar outra chave estrangeira.
- V. Pode ter valor não nulo distinto de todos os valores presentes na chave primária da relação que referencia. 

Quais estão corretas?","['a) Apenas I e II.', 'b) Apenas I e III.', 'c) Apenas II e V.', 'd) Apenas III e IV.', 'e) Apenas IV e V.']",Tecnologia de Computação,Banco de Dados,Modelagem e Projeto de Banco de Dados,A,tecnologia de computacao - banco de dados - modelagem e projeto de banco de dados,True,False,False,True,False,True
2016-53,2016,53,"A Empresa XYZ trabalha com reuso de software. Em um projeto de software, denominado PROJETO A, a Empresa XYZ irá implementar um componente para verificar se a leitura de uma determinada resposta está dentro da escala Likert. A referida escala classifica algo em um intervalo fechado de 1 a 5. Esse componente será utilizado em todos os softwares, sempre para validar as respostas das questões que utilizem a referida escala. Dentro desse contexto, podemos dizer que a atividade de teste é de fundamental importância. A célula de teste da Empresa XYZ utilizou o critério de análise de valor limite para efetuar os testes desse componente. A célula de teste fracionou o critério em três classes. A partir da definição das classes, os dados para efetuar os testes foram gerados. Abaixo, é possível encontrar cinco conjuntos de dados de testes. Selecione o conjunto de dados que expressa a utilização do critério de análise de valor limite, critério esse estabelecido pela célula de teste da Empreza XYZ.","['a) Dados de entrada da classe 1: 0 e 1.\nDados de entrada da classe 2: 2 e 4.\nDados de entrada da classe 3: 5 e 6.', 'b) Dados de entrada da classe 1: 0 e -1.\nDados de entrada da classe 2: 2 e 4.\nDados de entrada da classe 3: 5 e -6.', 'c) Dados de entrada da classe 1: 0.\nDados de entrada da classe 2: 2 e 4.\nDados de entrada da classe 3: 5 e 6.', 'd) Dados de entrada da classe 1: 0.\nDados de entrada da classe 2: 3 e 4.\nDados de entrada da classe 3: 6.', 'e) Dados de entrada da classe 1: 0.\nDados de entrada da classe 2: 2 e 4.\nDados de entrada da classe 3: 7.']",Tecnologia de Computação,Engenharia de Software,"Verificação, Validação e Teste",A,"tecnologia de computacao - engenharia de software - verificacao, validacao e teste",True,False,True,True,False,False
2017-20,2017,20,"Deseja-se preparar um recipiente com 100g de um produto extremamente caro, sendo necessário minimizar o erro na hora da pesagem. Para isso, se dispõe de uma balança que possui erro de medição, \sigma, dependente da quantidade pesada (\mu), da forma $\sigma = 0,1\mu$. Com qual dos seguintes métodos se obtém maior precisão na pesagem?","['a) Pesando as 100g de uma vez.', 'b) Pesando 10 recipientes de 100g, realizando a média e escolhendo um recipiente aleatório.', 'c) Pesando 5 porções de 20g e depois juntando-as.', 'd) Pesando 10 porções de 10g e depois juntando-as.', 'e) Pesando 2 porções de 50g e depois juntando-as.']",Matemática,Probabilidade e Estatística,Variância e Coeficientes de Correlação,D,matematica - probabilidade e estatistica - variancia e coeficientes de correlacao,True,False,True,True,False,False
2017-21,2017,21,"Suponha que, ao invés de dividir em duas partes, foi criada uma versão do merge- sort que divida a entrada em quatro partes, ordene cada quarta-parte, e, finalmente, combine essas quatro partes usando um procedimento O(n). A equação de recorrência que descreve o tempo de execução desse algoritmo é:","['a) $T(n) = 4*T(n/4) + O(n)$', 'b) $T(n) = 4*T(n/2) + 2*O(n)$', 'c) $T(n) = T(n/4) + 4*O(n)$', 'd) $T(n) = 4*T(n/4) + 4*O(n)$', 'e) $T(n) = T(n/4) + O(n)$']",Fundamentos da Computação,Análise de Algoritmos,O Uso de Relações de Recorrência para Análise de Algoritmos Recursivos,ANULADA,fundamentos da computacao - analise de algoritmos - o uso de relacoes de recorrencia para analise de algoritmos recursivos,True,True,True,True,True,True
2017-27,2017,27,"A saída do trecho de código em C abaixo é:
```
   int i = 0, j = -9, k = 7, cont;

    for (cont = 4; cont < 11; cont++) {
        i = cont + 5;
        while (k > 0) {
            k = k - 1;
            j = k + j / 2;
        }
    }

    printf(""i: %d j: %d k: %d "", i, j, k);
```","['a) i: 1 j: 4 k:1', 'b) i: 15 j: 1 k:0', 'c) i: 10 j: 14 k:2', 'd) i: 13 j: 2 k:3', 'e) i: 3 j: 1 k:4']",Fundamentos da Computação,Linguagens de Programação,Paradigmas de Linguagens de Programação,B,fundamentos da computacao - linguagens de programacao - paradigmas de linguagens de programacao,True,False,False,False,True,False
2017-41,2017,41,"Considere dois problemas de decisão PA e PB, sendo PA indecidível e PB decidível. Observe também dois problemas de decisão PC e PD, cuja decidibilidade é desconhecida. Suponha que seja possível construir de forma correta as seguintes reduções: \
- de PA para PC. 
- de PD para PA.
- de PD para PB. 

Com base no cenário descrito, assinale a alternativa correta.","['a) Não se pode afirmar nada sobre a decidibilidade dos problemas PC e PD.', 'b) Não se pode afirmar nada sobre a decidibilidade de PC, porém PD é decidível.', 'c) PC é indecidível e PD é decidível.', 'd) PC e PD são ambos indecidíveis.', 'e) PC é indecidível, contudo não se pode afirmar nada sobre a decidibilidade de PD.']",Fundamentos da Computação,"Linguagens Formais, Autômatos e Computabilidade",Problemas Indecidíveis,C,"fundamentos da computacao - linguagens formais, automatos e computabilidade - problemas indecidiveis",True,False,False,True,False,True
2017-44,2017,44,"Considere que um processador tenha 16 bits de endereçamento de byte. Sua cache possui mapeamento direto com uma capacidade de 128 palavras e blocos de 8 palavras. O endereço se divide em campos para acesso à cache de acordo com a seguinte representação:
```
| Nome                         | Símbolo |
|------------------------------|---------|
| Etiqueta                     | i       |
| Índice                       | ii      |
| Palavra dentro do bloco      | iii     |
| Byte dentro da palavra       | iv      |
```

O número de bits de cada um dos campos acima, ou seja, os valores de i, ii, iii e iv são, respectivamente:","['a) 12, 6, 5 e 3', 'b) 8, 4, 3 e 1', 'c) 8, 6, 5 e 3', 'd) 12, 4, 3 e 1', 'e) 12, 6, 3 e 1']",Fundamentos da Computação,Arquitetura e Organização de Computadores,"Organização de Computadores: Memórias, Unidades Centrais de Processamento, Entrada e Saída",B,"fundamentos da computacao - arquitetura e organizacao de computadores - organizacao de computadores: memorias, unidades centrais de processamento, entrada e saida",True,False,False,True,False,False
2017-45,2017,45,"Em um computador com tamanho de quadro de memória de 1024 bytes, o sistema operacional aloca 1 página de memória virtual para armazenar a matriz M do código da Figura 1(linguagem C). A execução desse código resultará em quantas faltas de páginas (page faults)?
```
Figura 1 

char M[512][102 4];
for (j=0; j<1024; j++)
   for (i=0; i<1024; i++)
```","['a) Zero', 'b) 512', 'c) 1024', 'd) 512×512', 'e) 512×1024']",Fundamentos da Computação,Sistemas Operacionais,"Gerenciamento de Memória: Memória Virtual, Paginação, Segmentação e “Swap”",ANULADA,"fundamentos da computacao - sistemas operacionais - gerenciamento de memoria: memoria virtual, paginacao, segmentacao e “swap”",True,False,False,True,True,False
2017-49,2017,49,"Considere o seguinte trecho de programa em linguagem Assembly do MIPS:
```

          .data 0x10010000 #segmento de dados palavra1: .word 13
palavra2: .word 0x15

```
Em hexadecimal, os valores da palavra1 e palavra2 são, respectivamente:","['a) 0x10010002 e 0x10010002', 'b) 0x10010000 e 0x10010004', 'c) 0x10010002 e 0x10010006', 'd) 0x10010000 e 0x10010008', 'e) 0x10010002 e 0x10010010']",Fundamentos da Computação,Arquitetura e Organização de Computadores,Linguagens de Montagem,B,fundamentos da computacao - arquitetura e organizacao de computadores - linguagens de montagem,True,False,False,True,False,False
2017-50,2017,50,"Analise o código a seguir:
```
...
void thread ( void *ptr ){ while(1); }

int main(){
   int i; pthread_t tid[10];
   for(i=0;i<10;i++)
       pthread_create (&tid[i], NULL, (void *) thread, NULL);
   getchar();
}
```
Ao executar esse programa, o processo criado possuirá quantos fluxos de execução (threads) no instante em que finalizar o laço for(;;)?","['a) Um.', 'b) Dois.', 'c) Nove.', 'd) Dez.', 'e) Onze.']",Fundamentos da Computação,Sistemas Operacionais,"Comunicação, Concorrência e Sincronização de Processos",E,"fundamentos da computacao - sistemas operacionais - comunicacao, concorrencia e sincronizacao de processos",True,False,False,False,True,False
2017-55,2017,55,"Em consultas escritas em SQL, quando há pelo menos um NULL no predicado da cláusula WHERE, o resultado da avaliação é “desconhecido” (exceto quando são explicitamente empregados IS NULL ou IS NOT NULL); por exemplo, o resultado da avaliação de 3+NULL>7 é “desconhecido”. Portanto, “verdadeiro”, “falso” e “desconhecido” são os resultados possíveis na avaliação de predicados da cláusula WHERE. A regra geral é que são selecionadas apenas as combinações de tuplas em que o predicado é avaliado como “verdadeiro”. Seja a relação R que possui quatro tuplas – (12, 15, 5100), (13, NULL, 3500), (14, NULL, NULL) e (15, 12, NULL) – em que o primeiro, o segundo e o terceiro valores em cada tupla referem-se aos atributos at1, at2 e at3, respectivamente. Os comandos a seguir representam consultas sobre R:

```
(C1) select * from R
       where (at1>=12) AND (at2>14)
(C2) select * from R
       where (at2>12) OR (at3>3000)
(C3) select * from R
       where (NOT (at1<at2))
```
A quantidade de tuplas retornadas pelas execuções dos comandos (C1), (C2) e (C3), respectivamente, é:","['a) dois, um e dois.', 'b) dois, dois e um.', 'c) um, um e dois.', 'd) um, dois e um.', 'e) dois, dois, dois.']",Tecnologia de Computação,Banco de Dados,Linguagens de Consulta,D,tecnologia de computacao - banco de dados - linguagens de consulta,True,True,False,False,True,False
2018-13,2018,13,"Um motoqueiro possui “n” entregas para realizar em “n” pontos distintos de uma cidade, podendo fazer a entrega em qualquer ordem. O entregador dispõe de uma tabela de distâncias que informa o tempo exato para se locomover de moto entre cada par de pontos de entrega. Considere distâncias assimétricas, ou seja, dist(a,b) e dist(b,a) podem ser diferentes. Se o entregador resolver avaliar todas as possíveis soluções para escolher a sequência de entregas cuja distância a ser percorrida seja mínima, quantas rotas ele iria avaliar para n=5?
Resolva o problema ignorando a distância que seria gasta para o entregador se locomover até o primeiro ponto de entrega.","['a) 5.', 'b) 25.', 'c) 60.', 'd) 120.', 'e) 240.']",Matemática,Análise Combinatória,Permutações,D,matematica - analise combinatoria - permutacoes,True,False,True,True,False,True
2018-14,2018,14,"Seja um código de Hamming sistemático com a seguinte matriz de comprovação tal que $H = (-P^T |I_r )$:
$$
 H = \begin{pmatrix}
1 & 1 & 0 & * & * & * & * \\0 & 1 & 1 & * & * & * & *\\
1 & 0 & 1 & * & * & * & *\end{pmatrix}
$$
Transmite-se a palavra código Y=0000000 e, durante a transmissão, se produzem erros nas posições 2, 3, 4 e 5. Que mensagem de usuário descodificaríamos?","['a) X = 0100', 'b) X = 0111', 'c) X = 0011', 'd) X = 0010', 'e) X = 1001']",Matemática,Matemática Discreta,"Teoria dos Códigos, Canal Binário, Canal Simétrico, Código de Blocos, Matrizes Geradoras e Verificadoras, Códigos de Grupo, Códigos de Hamming",C,"matematica - matematica discreta - teoria dos codigos, canal binario, canal simetrico, codigo de blocos, matrizes geradoras e verificadoras, codigos de grupo, codigos de hamming",True,True,False,True,True,False
2018-22,2018,22,"Dado o trecho de código
```

      int i, j, c;
      c = 1;
      for (i = 1; i < n; i = i*2){
            for(j = 1; j <= n; j++){
                  c=c+1;
            }
      }

```
Assumindo que a instrução $c=c+1$ é $O(1)$, a expressão que melhor define a ordem de complexidade desse trecho é:","['a) $O(n$ $\\log n)$', 'b) $O(\\log n)$', 'c) $O(n)$', 'd) $O(n^2)$', 'e) $O(\\sqrt{n})$']",Fundamentos da Computação,Análise de Algoritmos,Análise de Algoritmos Iterativos e Recursivos,A,fundamentos da computacao - analise de algoritmos - analise de algoritmos iterativos e recursivos,True,False,True,True,True,True
2018-27,2018,27,"Considere o seguinte código em Linguagem C:
```

      int a = 7, b = 9, c = -1;
      int *ptr, *pty, *ptx;
         ptr = &a;
         ptx = &b;
         pty = &c;

         printf (""%d %d %d %d %d %d \n"", a, b, c,
      *ptr, *pty, *ptx);
         a = *ptr + *pty;
         b = *ptx + 1;
         printf (""%d %d %d %d %d %d \n"", a, b, c,
      *ptr, *pty, *ptx);
   

```

Assinale a alternativa que corresponde à saída impressa na tela.","['a) 7 9 -1 7 -1 9\n   6 10 -1 7 0 9', 'b) 7 9 -1 7 -1 9\n   6 10 -1 6 -1 10', 'c) 7 9 -1 7 -1 9\n   6 10 -1 3 -2 9', 'd) 7 9 -1 7 -1 9\n   6 10 -1 4 -3 10', 'e) 7 9 -1 7 -1 9\n   6 10 -1 5 -4 10']",Fundamentos da Computação,Linguagens de Programação,Paradigmas de Linguagens de Programação,B,fundamentos da computacao - linguagens de programacao - paradigmas de linguagens de programacao,True,False,False,False,True,False
2018-44,2018,44,"Considere um computador no qual o interpretador do nível 0 (hardware interpretando o microcódigo) gasta 20 nanosegundos ($20$x$10^{-9}$ segundos) por microinstrução, e o interpretador do nível 1 (microcódigo interpretando a linguagem de máquina convencional) necessita de 25 microinstruções para interpretar uma instrução de máquina convencional. Um programa teste, já em linguagem de máquina convencional, leva 50 segundos para executar.\
a) Quanto tempo levará o programa teste para executar se o tempo para executar uma microinstrução for aumentado para 30 nanosegundos?\
b) Quanto tempo levará o programa teste para executar se uma instrução de máquina convencional necessitar de somente 15 microinstruções para ser interpretada?","['a) a) T = 60 segundos e b) 15 segundos.', 'b) a) T = 65 segundos e b) 20 segundos.', 'c) a) T = 70 segundos e b) 25 segundos.', 'd) a) T = 75 segundos e b) 30 segundos.', 'e) a) T = 80 segundos e b) 35 segundos.']",Fundamentos da Computação,Arquitetura e Organização de Computadores,"Organização de Computadores: Memórias, Unidades Centrais de Processamento, Entrada e Saída",D,"fundamentos da computacao - arquitetura e organizacao de computadores - organizacao de computadores: memorias, unidades centrais de processamento, entrada e saida",True,False,False,True,False,True
2018-50,2018,50,"Qual o número total de processos criados com a execução do programa a seguir?
Considere que todas as operações executadas serão realizadas com sucesso.
```

      int main (void){
         unsigned long int i;
         for(i=0; i<6;i++)
            if( fork() >= 0 )
               continue;
            else break;
      }

```","['a) Sete.', 'b) Oito.', 'c) Trinta e dois.', 'd) Trinta e três.', 'e) Sessenta e quatro.']",Fundamentos da Computação,Sistemas Operacionais,Gerência de Processos/Processador,E,fundamentos da computacao - sistemas operacionais - gerencia de processos/processador,True,False,False,False,True,False
2018-68,2018,68,"A fase de análise sintática de um compilador pode ser implementada através de reconhecedores (*parsers*) de gramáticas livres de contexto, com estratégias ascendentes (*bottom-
up*) ou descendentes (*top-down*). Considere a gramática com cinco produções abaixo, sendo que são não terminais os símbolos S e A, sendo o primeiro o símbolo não terminal inicial da gramática, e, os demais, símbolos terminais:
$$
\begin{align*}
&\text{S → Aa} \\
&\text{S → bAc} \\
&\text{S → bc} \\
&\text{S → bda} \\
&\text{A → d}
\end{align*}
$$
Analise as seguintes assertivas:

I. A gramática é reconhecida por um analisador preditivo LL(1), pois as características da gramática não inibem a construção da tabela de reconhecimento.\
II. Esta gramática não é reconhecida por um analisador LR(0), pois existe um conflito do tipo empilha-reduz no estado que contém os seguintes itens LR(0) “S -> bd . a”, e “A → d”.\
III. A gramática é reconhecida por uma analisador SLR(1), pois ele resolve o conflito do tipo empilha-reduz LR(0).\
IV. A gramática é LR(1).

Quais estão corretas?","['a) Apenas I.', 'b) Apenas II.', 'c) Apenas II e III.', 'd) Apenas II e IV.', 'e) I, II, III e IV.']",Tecnologia de Computação,Compiladores,Compiladores e Interpretadores,D,tecnologia de computacao - compiladores - compiladores e interpretadores,True,True,True,True,False,False
2019-17,2019,17,"Uma pessoa deseja fazer uma compra na Internet e, para isso, precisa se cadastrar em um site. A senha de cadastro deve ser formada por exatamente 9 caracteres , e somente os caracteres $, @ e # podem ser usados. Quantas senhas diferentes, contendo pelo menos uma ocorrência de cada caractere, existem?","['a) 729.', 'b) 4.374.', 'c) 18.150.', 'd) 61.236.', 'e) 367.416.']",Matemática,Análise Combinatória,Permutações,C,matematica - analise combinatoria - permutacoes,True,True,False,True,False,False
2019-25,2019,25,"Considere a seguinte função em C:
```

void funcao(int n){
   int i,j;
   for (i=1; i<=n; i++)
      for(j=1; j<log(i); j++)
         printf(“%d”,i+j)
}

```
A complexidade dessa função é:","['a) $\\Theta(n)$', 'b) $\\Theta(n \\log n)$', 'c) $\\Theta(\\log n)$', 'd) $\\Theta(n^2)$', 'e) $\\Theta(n^2 \\log n)$']",Fundamentos da Computação,Análise de Algoritmos,Análise de Algoritmos Iterativos e Recursivos,B,fundamentos da computacao - analise de algoritmos - analise de algoritmos iterativos e recursivos,True,False,True,True,True,True
2019-27,2019,27,"Considere o seguinte código em Linguagem C abaixo:
```

int x = 3, y = 1, z = -5, w=-2;
int i;
for (i=1; i<x; i++){
   while (z<0){
   ++i;
   z++;
         do{
            x = x +3;
            w++;
         }while (w<0);
   }
}
   printf(""%d %d %d %d"", x, y, z, w);

```

Assinale a alternativa que corresponde à saída impressa na tela.","['a) 21 1 0 4', 'b) 3 1 -5 -2', 'c) 2 0 -4 -1', 'd) 9 0 -3 -2', 'e) 1 0 9 2']",Fundamentos da Computação,Linguagens de Programação,Paradigmas de Linguagens de Programação,A,fundamentos da computacao - linguagens de programacao - paradigmas de linguagens de programacao,True,False,False,False,True,False
2019-36,2019,36,"Um mapa rodoviário é modelado como um grafo em que os vértices representam interseções. As arestas representam segmentos de estrada entre interseções. O peso de cada aresta representa a distância entre interseções. Agora, considere que um motorista deseja obter o caminho mais curto entre duas cidades. Dado um mapa contendo as distâncias entre cada par de interseções adjacentes, como obter o caminho mais curto entre duas cidades?","['a) Caminho mais curto com destino único.', 'b) Caminho gerador mínimo de origem única.', 'c) Caminho mais curto com origem única.', 'd) Caminho mais curto entre todos os pares de vértices.', 'e) Caminho gerador mínimo de origem múltipla.']",Fundamentos da Computação,Teoria dos Grafos,Algoritmos do Menor Caminho,C,fundamentos da computacao - teoria dos grafos - algoritmos do menor caminho,True,False,False,True,True,False
2019-45,2019,45,"Considere o programa abaixo escrito em linguagem C. No instante da execução da linha 5, ter-se-á uma hierarquia composta de quantos processos e threads, respectivamente?
```

1    main(){
2    int i;
3    for(i=0;i<3;i++)
4       fork();
5    while(1);
6    }

```","['a) 1 e 0.', 'b) 3 e 0.', 'c) 4 e 1.', 'd) 7 e 7.', 'e) 8 e 8.']",Fundamentos da Computação,Sistemas Operacionais,Gerência de Processos/Processador,E,fundamentos da computacao - sistemas operacionais - gerencia de processos/processador,True,False,True,False,True,False
2019-47,2019,47,"Seja um circuito lógico com três entradas, A, B, C, e uma saída S. Considerando que o valor da saída S é igual ao valor da entrada A quando as entradas B e C estão no mesmo nível lógico, e que o valor da saída S é igual ao inverso do valor da entrada A quando as entradas B e C estão em níveis lógicos opostos, assinale a alternativa que apresenta a expressão lógica correspondente ao circuito.","['a) $𝑆 = A \\cdot B \\oplus C$', 'b) $𝑆 = A  \\oplus  B  \\oplus  C$', 'c) $𝑆 = \\overline{A}  \\oplus  B  \\oplus  C$', 'd) $𝑆 = A  \\oplus  \\overline{B  \\oplus  C}$', 'e) $𝑆 = \\overline{A  \\oplus  B  \\oplus  C}$']",Fundamentos da Computação,Circuitos Digitais,Representação e Manipulação de Circuitos Combinatórios,B,fundamentos da computacao - circuitos digitais - representacao e manipulacao de circuitos combinatorios,True,False,True,True,False,False
2019-68,2019,68,"Assinale a alternativa que apresenta a quantidade mínima de registradores necessários para se fazer a alocação no código apresentado abaixo:\
t1 := a - mem[...]\
t2 := d / mem[...]\
t3 := t2 + mem[...]\
t4 := t1 + t3","['a) 6', 'b) 5', 'c) 4', 'd) 3', 'e) 2']",Tecnologia de Computação,Compiladores,Geração de Código,E,tecnologia de computacao - compiladores - geracao de codigo,True,True,False,False,True,False
2022-28,2022,28,"Analise o código em Linguagem C (Compilador Ansi C) abaixo e assinale a alternativa que corresponde a saída na tela.
```

int *p, **r, a = -1, c, b=10;
p = &a;
r = &p;
c = **r + b--;

printf(""%d"", c);

```","['a) 7.', 'b) 8.', 'c) 9.', 'd) 10.', 'e) 11.']",Fundamentos da Computação,Linguagens de Programação,Paradigmas de Linguagens de Programação,C,fundamentos da computacao - linguagens de programacao - paradigmas de linguagens de programacao,True,False,False,False,True,False
2022-35,2022,35,"Considere que um projetista deseja indexar um arquivo que contém registros com diferentes atributos numéricos. Ele deseja poder fazer buscas eficientes sobre registros baseado em valores exatos (e.g. 10), bem como por intervalos de valores (e.g. entre 10 e 20). Qual estrutura de indexação seria a mais apropriada?","['a) Árvore B+.', 'b) Árvore binária de pesquisa.', 'c) Hash.', 'd) Árvore AVL.', 'e) Árvore digital de pesquisa.']",Fundamentos da Computação,Organização de Arquivos e Dados,"Organização, Estrutura e Operação de Arquivos",A,"fundamentos da computacao - organizacao de arquivos e dados - organizacao, estrutura e operacao de arquivos",True,False,True,True,False,False
2022-44,2022,44,"Considere uma memória cache com um tamanho de linha de 16 bytes e uma memória principal que requer 20 ns para transferir uma palavra de 8 bytes, para qualquer linha que seja escrita pelo menos uma vez, antes de ser retirada da cache. Qual é o número médio de vezes que a linha precisa ser escrita antes de ser retirada para que uma cache write-back seja mais eficiente do que uma cache write-through?","['a) 4 vezes antes de ser trocada, então write-back é mais eficiente.', 'b) 8 vezes antes de ser trocada, então write-back é mais eficiente.', 'c) 12 vezes antes de ser trocada, então write-back é mais eficiente.', 'd) 16 vezes antes de ser trocada, então write-back é mais eficiente.', 'e) 32 vezes antes de ser trocada, então write-back é mais eficiente.']",Fundamentos da Computação,Arquitetura e Organização de Computadores,"Organização de Computadores: Memórias, Unidades Centrais de Processamento, Entrada e Saída",D,"fundamentos da computacao - arquitetura e organizacao de computadores - organizacao de computadores: memorias, unidades centrais de processamento, entrada e saida",True,True,False,True,False,False
2022-46,2022,46,"O programa (em linguagem C) abaixo executa em um sistema operacional da família
UNIX. Considere que todas as rotinas invocadas no programa executam sem erro. Assinale a alternativa que indica o resultado impresso na tela pelo programa.
```

signed int i;
int main(void){
   if ( fork() > 0 )
      i++;
   else
      i++;
      i++;
   printf(""%d "", i);
}

```","['a) 1 1', 'b) 2 2', 'c) 3 3', 'd) 4 4', 'e) Indeterminado Indeterminado']",Fundamentos da Computação,Sistemas Operacionais,"Comunicação, Concorrência e Sincronização de Processos",B,"fundamentos da computacao - sistemas operacionais - comunicacao, concorrencia e sincronizacao de processos",True,False,False,True,True,False
2022-49,2022,49,"O paralelismo em nível de instruções existe quando as instruções de uma sequência são independentes e, assim, podem ser executadas em paralelo por sobreposição. Como um exemplo do conceito de paralelismo, considere dois pedaços de código (A e B) a seguir (JOUPPI, 1989):

|Código A|Código B|
|-|-|
|`Load R1 ← R2`|`Add R3 ← R3, “1”`|
|`Add R3 ← R3, “1”`|`Add R4 ← R3, R2`|
|`Add R4 ← R4, R2`|`Store [R4] ← R0`|

Assinale a alternativa INCORRETA a respeito do paralelismo.","['a) O grau do paralelismo em nível de instruções é determinado pela frequência da dependência de dados verdadeira e das dependências procedurais no código.', 'b) As três instruções no Código A são independentes e, na teoria, todas poderiam ser executadas em paralelo.', 'c) As três instruções do Código B não podem ser executadas em paralelo, porque a segunda instrução usa o resultado da primeira e a terceira usa o resultado da segunda.', 'd) O paralelismo de máquina é uma medida de desempenho, que é determinado pelo número de instruções que podem ser obtidas e executadas ao mesmo tempo de forma sequencial.', 'e) O paralelismo em nível de instruções é também determinado pelo que Jouppi denomina como latência da operação.']",Fundamentos da Computação,Arquitetura e Organização de Computadores,Pipeline,D,fundamentos da computacao - arquitetura e organizacao de computadores - pipeline,True,False,True,True,True,False
2022-52,2022,52,"Suponha um problema de classificação binária (classes A e B), cujo classificador escolhido considera um conjunto de pontos em um plano bidimensional, onde cada ponto se refere a uma amostra conhecida. Há várias linhas no plano, tal que todos os pontos da classe A fiquem para um lado e todos os pontos da classe B fiquem para o outro. Dentre tais linhas, o classificador escolhe a linha cuja distância do ponto mais próximo em qualquer classe (em relação aos pontos no conjunto de dados de treinamento) é máxima. Essa linha (chamada de linha de margem máxima) é então usada para classificar outros pontos, dependendo de qual lado da linha eles estão. O mencionado classificador é denominado:","['a) Árvore de decisão.', 'b) Classificador bayesiano.', 'c) Máquina de vetor de suporte.', 'd) Rede neural artificial.', 'e) Regra de associação.']",Tecnologia de Computação,Banco de Dados,Mineração de Dados,C,tecnologia de computacao - banco de dados - mineracao de dados,True,False,True,True,False,False
2022-55,2022,55,"Considere que os produtos de uma loja são modelados pelo esquema de relação
**PROD(Codigo, Descricao, Preco)**, em que **Codigo** é a chave primária da relação. O banco de dados possui vários produtos, onde se observa pelo menos $n$ ($n>10$) preços distintos. A consulta a seguir, que está escrita conforme o formalismo da álgebra relacional, usa as operações projeção, seleção, produto cartesiano e renomeação, as quais são representadas pelos símbolos $\pi$, $\sigma$, $\times$ e $\rho$, respectivamente.
|$\pi$ PROD.Codigo $\sigma$ PROD.Preco < CLONE.Preco (PROD $\times$ $\rho$ CLONE (PROD)))|
|-|

O processamento dessa consulta resulta no código de todos os produtos:","['a) Cujo preço é o menor ou o maior existente no banco de dados.', 'b) Cujo preço é o menor existente no banco de dados.', 'c) Exceto os produtos cujo preço é o menor existente no banco de dados.', 'd) Cujo preço é o maior existente no banco de dados.', 'e) Exceto os produtos cujo preço é o maior existente no banco de dados.']",Tecnologia de Computação,Banco de Dados,Linguagens de Consulta,E,tecnologia de computacao - banco de dados - linguagens de consulta,True,True,False,True,True,False
2023-04,2023,4,"Nos jogos da Mega-Sena, são sorteados a cada concurso 6 números no intervalo de
1 a 60. Leva o prêmio quem acertar os 6 números sorteados. O apostador, ao fazer um jogo, pode optar por preencher um bilhete com 6, 7, 8 ou 9 números escolhidos. Se o apostador registra um bilhete com 8 números escolhidos, quantos bilhetes de 6 números ele faria com os mesmos 8 números escolhidos?","['a) 56', 'b) 8!', 'c) 6!', 'd) 28', 'e) 72']",Matemática,Análise Combinatória,Combinações,D,matematica - analise combinatoria - combinacoes,True,True,False,False,False,False
2023-23,2023,23,"Considere o seguinte trecho de código:
```

for (i = 1; i <= n; i++) {
   for (j = 1; j <= m; j++) {
      // instruções O(1)
   }
}

```
Qual das seguintes afirmações é verdadeira sobre a complexidade assintótica desse trecho de código?","['a) A complexidade é O(n) se m for uma constante, e O(m) se n for uma constante.', 'b) A complexidade é O(n log m) se m for uma constante, e O(m log n) se n for uma constante.', 'c) A complexidade é O(n + m) se n e m forem do mesmo tamanho.', 'd) A complexidade é O(1) em todos os casos.', 'e) A complexidade é O(nm) em todos os casos.']",Fundamentos da Computação,Análise de Algoritmos,Análise de Algoritmos Iterativos e Recursivos,E,fundamentos da computacao - analise de algoritmos - analise de algoritmos iterativos e recursivos,True,False,True,True,True,True
2023-33,2023,33,"Considere o seguinte código em Linguagem C (Compilador Ansi C):
```

int a = 2, b = 4, c = -1;
int *ptx, *pty, *ptz;
ptx = &a;
pty = &b;
ptz = &c;

printf (""%d %d %d %d %d %d \n"", a, b, c, *ptx, *pty, *ptz);
a = (*ptx) * (*pty);
b = *ptz + 1;
++c;
printf (""%d %d %d %d %d %d \n"", a, b, c, *ptx, *pty, *ptz);

```

Assinale a alternativa que corresponde à saída na tela.","['a) 2 2 -1 2 4 -1\n8 -1 0 8 0 0', 'b) 2 4 -1 2 2 -1\n2 0 -1 2 0 -1', 'c) 2 2 -1 2 4 0\n8 0 -1 8 0 -1', 'd) 2 4 -1 2 4 -1\n8 0 -1 8 0 -1', 'e) 2 4 -1 2 4 -1\n8 0 0 8 0 0']",Fundamentos da Computação,Linguagens de Programação,Paradigmas de Linguagens de Programação,E,fundamentos da computacao - linguagens de programacao - paradigmas de linguagens de programacao,True,False,False,False,True,False
2023-42,2023,42,"Em um computador com suporte à memória virtual e paginação, quando ocorre um page fault, o sistema operacional, às vezes, precisa escolher uma página da memória principal (page frame) para dar lugar à página virtual que será carregada do disco como resultado do page fault. Dependendo do tipo de conteúdo presente na página selecionada para substituição, esse conteúdo precisa ser salvo no disco (page out) antes da substituição. Assinale a alternativa que indica uma região de memória típica de um processo, cujo conteúdo não exige salvamento prévio em casos de troca de páginas (page replacement).","['a) Dados alocados dinamicamente (ex.: HEAP).', 'b) Dados não inicializados (ex.: BSS).', 'c) Dados inicializados (ex.: DATA).', 'd) Código (ex.: TEXT).', 'e) Pilha (ex.: STACK).']",Fundamentos da Computação,Sistemas Operacionais,"Gerenciamento de Memória: Memória Virtual, Paginação, Segmentação e “Swap”",D,"fundamentos da computacao - sistemas operacionais - gerenciamento de memoria: memoria virtual, paginacao, segmentacao e “swap”",True,False,False,True,False,False
2023-44,2023,44,"Considere que o programa abaixo, escrito em Linguagem C, execute em um computador com suporte à memória virtual e segmentação paginada, tal como em sistemas baseados em Intel x86-64.
```

1       #include <stdio.h>
2       main(){
3       int w;
4       printf(“%p”,&w);
5       }

```
Quando a linha 4 é executada, o valor impresso na tela corresponde ao:","['a) Endereço físico representando o segmento, a página e o offset onde se localiza a variável w.', 'b) Endereço virtual associado ao endereço físico onde se localiza a variável w.', 'c) Resultado do processamento realizado pela MMU (Memory Management Unit).', 'd) Endereço da variável w no espaço de endereçamento físico do processo.', 'e) Endereço da variável w no working set do processo.']",Fundamentos da Computação,Sistemas Operacionais,"Gerenciamento de Memória: Memória Virtual, Paginação, Segmentação e “Swap”",B,"fundamentos da computacao - sistemas operacionais - gerenciamento de memoria: memoria virtual, paginacao, segmentacao e “swap”",True,False,False,True,False,False
2023-46,2023,46,"Considere, por exemplo, que um programa precisa ordenar um vetor de objetos de dados numéricos de algum tipo e, para isso, ele usa um subprograma para o processo de ordenação. No momento em que um processo de ordenação é necessário, uma sentença como
```sortInt(list, listLen)``` é colocada no programa. Essa chamada é uma abstração:","['a) Do subprograma, no qual os únicos atributos essenciais são o nome do vetor a ser ordenado e o tipo de seus elementos.', 'b) De código, no qual a chamada é dependente do algoritmo implementado no subprograma chamado.', 'c) Do algoritmo que implementa o atributo essencial para o usuário, que precisa ver o nome e o protocolo do subprograma de ordenação.', 'd) De tipo que inclui apenas a representação de dados de um tipo específico e os subprogramas que fornecem as operações para esse tipo.', 'e) Do processo de ordenação real, cujo algoritmo não é especificado.']",Fundamentos da Computação,Técnicas de Programação,Modularidade e abstração,E,fundamentos da computacao - tecnicas de programacao - modularidade e abstracao,True,False,False,True,False,False
2023-54,2023,54,"Seja o alfabeto $A = \{b, k, z\}$. Expressões regulares sobre $A$ são definidas (da forma habitual) como cadeias (*strings*) contendo símbolos do alfabeto dado pela união de $A$ com o conjunto $\{ (, ), *, | \}$. Assim: \
\* $()$ e $e$, as quais denotam respectivamente a linguagem vazia e a linguagem que contém apenas a cadeia vazia. \
\* Cada símbolo do alfabeto é uma expressão regular, denotando a linguagem formada pelo símbolo. \
\* Dadas expressões regulares $R$, $R1$ e $R2$, notamos com $R^*$, $(R1 | R2)$ e $R1 R2$ as expressões regulares, representando, respectivamente, as operações de Estrela de Kleene (repetição), Escolha e Concatenação.

A notação $R?$ é usada como abreviatura para $(R | e )$, marcando que $R$ é opcional. Sejam os Tokens de uma certa linguagem definidos pelas expressões regulares sobre $A$ a seguir:
|Token|Expressão Regular|
|-|-|
|T1|$k? b? z z^* k$|
|T2|$z? k? b b^* z$|
|T3|$b? z? k k^* b$|

Seja um analisador léxico que reconhece os tokens acima, procurando sempre casar a maior parte possível da entrada (maior prefixo possível). Caso a cadeia $kkbzkbbkkb$ seja dada como entrada ao analisador léxico, qual será a sequência de tokens devolvida por ele?","['a) T1 T3 T2 T3.', 'b) T1 T1 T3.', 'c) T2 T3.', 'd) T3 T2 T3.', 'e) T3 T3 T3.']",Tecnologia de Computação,Compiladores,Análise Léxica e Sintática,E,tecnologia de computacao - compiladores - analise lexica e sintatica,True,True,True,False,True,False
2024-15,2024,15,"Considere as premissas verdadeiras a seguir:
- Premissa 1: Se Ana Paula joga vôlei ou Joaquim joga videogame, então Victória vai à praia.
- Premissa 2: Hoje, Victória não foi à praia.
- Premissa 3: Se hoje é sábado, então Ana Paula joga vôlei e Caio treina boxe.
Considerando as premissas apresentadas, é correto afirmar que:","['a) Hoje é sábado e Ana Paula jogou vôlei.', 'b) Hoje não é sábado e Joaquim não jogou videogame.', 'c) Ana Paula jogou vôlei ou Joaquim jogou videogame.', 'd) Hoje é sábado e Joaquim jogou videogame.', 'e) Hoje não é sábado e Ana Paula jogou vôlei.']",Matemática,Lógica Matemática,Lógica Proposicional e de Predicados,B,matematica - logica matematica - logica proposicional e de predicados,True,False,False,True,False,False
2024-21,2024,21,"Considere o problema de acessar os registros de um arquivo. Cada registro contém uma chave única que é utilizada para recuperar os registros do arquivo. Dada uma chave qualquer, o problema consiste em localizar o registro que contenha essa chave. O algoritmo examina os registros na ordem em que eles aparecem no arquivo, até que o registro procurado seja encontrado ou fique determinado que ele não se encontra no arquivo. Seja f uma função de complexidade tal que $f(n)$ é o número de registros consultado no arquivo, é correto afirmar que:","['a) O caso médio é $f(n) = (n + 1)/2$', 'b) O melhor caso é $f(n) = n - 1$', 'c) O caso ótimo é $f(n) = 3n/2 - 3/2$', 'd) O caso recorrente é $f(n) = 2(n - 1)$', 'e) O pior caso é $f(n) = 1$']",Fundamentos da Computação,Análise de Algoritmos,"Medidas de Complexidade, Análise Assintótica de Limites de Complexidade, Técnicas de Prova de Cotas Inferiores",A,"fundamentos da computacao - analise de algoritmos - medidas de complexidade, analise assintotica de limites de complexidade, tecnicas de prova de cotas inferiores",True,False,True,True,True,True
2024-33,2024,33,"Analise o código em Linguagem C (Compilador Ansi C) abaixo:
```
int main() {
   int valor1 = 12;
   int *valor2;
   int cont = 0;
      valor2 = &valor1;

      do{
         valor1 >>= 1;
         cont++;
      }while (*valor2>0);
      printf (""%d"",cont);
}
```
A saída do programa na tela é o número:","['a) 2.', 'b) 3.', 'c) 4.', 'd) 5.', 'e) 6.']",Fundamentos da Computação,Linguagens de Programação,Paradigmas de Linguagens de Programação,C,fundamentos da computacao - linguagens de programacao - paradigmas de linguagens de programacao,True,False,False,False,True,False
2024-34,2024,34,"Analise o código em Linguagem C (Compilador Ansi C) abaixo:
```
int f_rec(char s[]) {
   if (s[0] == '\0') {
      return 0;
   }
   return 1 + f_rec(s + 1);
}

int main() {
   char str[] = ""Ola mundo!"";
   int var = f_rec(str);
   double resultado = var / 2;
   printf(""%f\n"", resultado);
   return 0;
}
```
Considerando o código apresentado, assinale a alternativa correta.","['a) A saída é o número de caracteres de “str” dividido por 2, mostrado como um número de ponto flutuante.', 'b) A saída é o número de caracteres de “str” dividido por 2, mostrado como um inteiro.', 'c) O código tem um erro de tipos porque a função f_rec não pode aceitar um char array.', 'd) O código tem um erro de tipos porque var é um inteiro, mas é usado em uma operação de divisão com double.', 'e) O código tem um erro de tipos porque a função printf está usando o especificador de formato errado.']",Fundamentos da Computação,Linguagens de Programação,Paradigmas de Linguagens de Programação,A,fundamentos da computacao - linguagens de programacao - paradigmas de linguagens de programacao,True,True,True,False,True,False
2024-43,2024,43,"Analise a execução a seguir considerando que todos os arquivos de cabeçalho necessários estão inclusos no tempo de compilação e que o programa executa ininterruptamente do início até o seu término.
```
int lbm = 0;

void * func(void *i){ lbm = lbm + 1; }

int main (void){
   int i;
   pthread_t t[10];

   for(i=0;i<10;i++){
      pthread_create(&t[i], NULL, func, NULL);

   for(i=0;i<10;i++){
      pthread_join(t[i], NULL);

   printf(“%d”, lbm);
}
```

Assinale a alternativa que melhor representa o resultado da execução do programa acima.","['a) lbm = 1', 'b) lbm = 9', 'c) lbm \\leq 10', 'd) lbm = 10', 'e) lbm \\geq 10']",Fundamentos da Computação,Técnicas de Programação,Desenvolvimento de algoritmos,C,fundamentos da computacao - tecnicas de programacao - desenvolvimento de algoritmos,True,False,False,False,True,False
2024-44,2024,44,"Um computador precisa ter seu disco atual, formatado com uma única partição,
substituído por outro disco. Antes de realizar a troca, foi realizada uma análise do tamanho dos arquivos armazenados no disco atual, cujo resultado indicou que 98% dos arquivos possuem tamanho entre 1.000 bytes e 2.030 bytes (mediana de 1.515 bytes). Assinale a alternativa que lista os parâmetros de formação do novo disco e que resulte no menor desperdício de espaço físico e menor probabilidade de fragmentação do disco.","['a) Tamanho de bloco = 1.024 bytes e sistema de arquivos baseado em alocação encadeada.', 'b) Tamanho de bloco = 1.024 bytes e sistema de arquivos baseado em alocação contígua.', 'c) Tamanho de bloco = 1.024 bytes e sistema de arquivos baseado em alocação indexada.', 'd) Tamanho de bloco = 2.048 bytes e sistema de arquivos baseado em alocação encadeada.', 'e) Tamanho de bloco = 2.048 bytes e sistema de arquivos baseado em alocação contígua.']",Fundamentos da Computação,Sistemas Operacionais,Gerenciamento de Arquivos,D,fundamentos da computacao - sistemas operacionais - gerenciamento de arquivos,True,False,False,True,False,False
2024-47,2024,47,"Analise o texto a seguir, que descreve um programa que solicita um salário ao usuário e mostra o imposto a pagar:
- Se o salário for negativo ou zero, mostre o erro respectivo.
- Se o salário for maior que 1000, paga 10% de imposto, se não paga apenas 5%.
Para resolver o problema descrito acima, qual instrução deve ser utilizada?","['a) Laço encadeado.', 'b) Atribuição composta.', 'c) Laço infinito.', 'd) Condicional encadeada.', 'e) Atribuição simples.']",Fundamentos da Computação,Técnicas de Programação,Comandos de uma Linguagem de programação,D,fundamentos da computacao - tecnicas de programacao - comandos de uma linguagem de programacao,True,False,False,False,True,False
2024-51,2024,51,"Em um banco de dados relacional, considere um esquema de relação para um conjunto de itens, que define uma hierarquia pertinente à composição de peças de uma máquina, a saber: **ITEM (Id, Nome, Fk)**; o atributo **ID** é a chave primária de ITEM; o atributo **Nome** rotula o item; o atributo **Fk** é uma chave estrangeira em ITEM, que determina o item ascendente imediato na hierarquia. Em determinado momento, o conjunto de tuplas em ITEM é: (1, 'Item 1', NULL);
(2, 'Item 2', 1); (3, 'Item 3', 1); (4, 'Item 4', 3). Seja uma consulta escrita em SQL, conforme apresentada abaixo:
```
SELECT FILHO.Id, FILHO.Nome, PAI.Id, PAI.Nome
FROM ITEM AS FILHO RIGHT OUTER JOIN ITEM AS PAI ON FILHO.Fk = PAI.Id
```
Ao executar essa consulta, a relação resultante possui:","['a) 2 tuplas.', 'b) 3 tuplas.', 'c) 4 tuplas.', 'd) 5 tuplas.', 'e) 6 tuplas.']",Tecnologia de Computação,Banco de Dados,Linguagens de Consulta,D,tecnologia de computacao - banco de dados - linguagens de consulta,True,True,False,False,True,False
2024-65,2024,65,"Um roteador recebe um pacote com IP de origem $13.1.2.3$ e IP de destino $11.1.2.5$.
Em qual rota ele encaminhará o pacote?","['a) $13.0.0.0/8$', 'b) $13.1.0.0/16$', 'c) $11.1.0.0/16$', 'd) $13.1.2.0/24$', 'e) $11.1.2.0/24$']",Tecnologia de Computação,Redes de Computadores,Interconexão de Redes,E,tecnologia de computacao - redes de computadores - interconexao de redes,True,False,False,True,False,False
