id,enunciado
2002-27,"Suponha que $T$ seja uma árvore AVL inicialmente vazia, e considere a inserção dos elementos $10, 20, 30, 5, 15, 2$ em $T$, nesta ordem. Qual das sequências abaixo corresponde a um percurso de $T$ em pré-ordem:"
2002-30,"Considere um problema em que são dados 5 objetos com os seguintes pesos e valores:
$$
\begin{align*}
\text{pesos: } & (W_1, W_2, W_3, W_4, W_5) = (6, 10, 9, 5, 12) \\
\text{valores: } & (P_1, P_2, P_3, P_4, P_5) = (8, 5, 10, 15, 7)
\end{align*}
$$
Além disso, é dada uma mochila que suporta até 30 unidades de peso, para transportar os objetos. O objetivo do problema é preencher a mochila de tal forma que o valor total dos objetos a serem transportados seja o maior possível, mas sem exceder o limite de peso suportado pela mochila. Assuma que é permitido colocar fração de um objeto na mochila. Qual das seguintes alternativas corresponde ao valor máximo obtido no preenchimento da mochila:"
2002-33,"Professor Mac Sperto propôs o seguinte algoritmo de ordenação, chamado de Super Merge, similar ao merge sort: divida o vetor em 4 partes do mesmo tamanho (ao invés de 2, como é feito no merge sort). Ordene recursivamente cada uma das partes e depois intercale-as por um procedimento semelhante ao procedimento de intercalação do merge sort. Qual das alternativas abaixo é verdadeira?"
2002-35,Considere um sistema distribuído onde cada nó precisa obter um bloqueio (*lock*) antes de acessar qualquer serviço no sistema. Qual das estratégias a seguir não seria eficaz para evitar impasses (*deadlocks*)?
2002-36,"Uma árvore binária é declarada em C como
```
typedef struct no *apontador;
struct no {
         int valor;
         apontador esq, dir;
          };
```
onde `esq` e `dir` representam ligações para os filhos esquerdo e direito de um nó da árvore, respectivamente. Qual das seguintes alternativas é uma implementação correta da operação que inverte as posições dos filhos esquerdo e direito de um nó `p` da árvore, onde `t` é um apontador auxiliar."
2002-37,"No programa abaixo, escrito em Pascal, os parâmetros do procedimento `vr` são passados por valor.
```
program teste;
var x,y: integer;

  procedure vr(u,v: integer);
  begin
    u:=2*u;
    x:=u+v;
    u:=u-l;
  end;

begin
  x:=4;
  y:=2;
  vr(x,y);
  writeln(x);
end.
```
O valor de `x` impresso na última linha do programa é:"
2002-38,"A função abaixo computa a soma dos $n$ primeiros números inteiros não negativos:
```
function sum(n: integer) : integer;
begin
  if n=0 then sum:=0
  else --------------
end;
```
A parte que falta para completar a condição else é:"
2002-40,"Considere um grafo $G$ satisfazendo as seguintes propriedades:
- $G$ é conexo
- Se removermos qualquer aresta de $G$, o grafo obtido é desconexo.

Então é correto afirmar que o grafo $G$ é:"
2002-44,"Supondo a Relação `\text{PROJ} (PNO, Orçam)`, com chave primária `PNO`, a Relação `EMP (ENO, ENome, Cargo)` com chave primária `ENO`, e a Relação `DSG (ENO, PNO, Dur, Resp)`, com chave primária `{ENO, PNO}`, chave estrangeira `PNO` em relação a `PROJ` e chave estrangeira `ENO` em relação a `EMP`. Qual das expressões da álgebra relacional abaixo NÃO corresponde à seguinte consulta SQL:
```
SELECT ENome
FROM EMP, PROJ, DSG
WHERE EMP.ENO = DSG.ENO
       AND PROJ.PNO = DSG.PNO
       AND Dur > 36
```"
2002-53,"Considere uma cena representada no sistema de referência do universo (SRU), uma *window* definida pelo par de coordenadas (0,0)-(100,100) e uma *viewport* definida pelo par de coordenadas (20,30)-(300,100). Considere ainda que as coordenadas que definem *window* e *viewport* correspondem, respectivamente, aos limites inferior esquerdo e superior direito de ambas. Analise as afirmativas abaixo levando em consideração os conceitos clássicos de *window* e *viewport* e assinale a alternativa correta. \
I – *Window* e *viewport* estão definidas no SRU. \
II – No processo de mapeamento desta *window* para esta *viewport* haverá modificação na relação de aspecto. \
III – O mapeamento da *window* redefinida pelo par de coordenadas (0,0) – (50,50) para a mesma *viewport* (20,30)-(300,100) corresponde a uma operação de *zoom out* sobre o mesmo universo."
2003-26,"Considere o seguinte código para implementar exclusão mútua entre dois processos $i$ e $j$:
```
Processo Pi
  do
    while (turn != i) ; // entrada da seção crítica
          seção crítica
    turn = j;           // saída da seção crítica
          código restante
  while (1);
```
Em relação ao código acima, todas as afirmativas estão corretas, exceto:"
2003-28,"Considere o seguinte trecho de programa:
```
1. i:= 1;
2. while i <=n do
   begin
3. sum:= sum + a[i];
4. i:=i+ 1;
   end;
```

Considere que: 
 - $I$ representa a inicialização da variável `i:= 1` na linha 1; 
 - $T$ representa o teste da linha 2; 
 - $A$ representa os comandos da linha 3; 
 - $P$ representa o incremento na linha 4.

Qual é a expressão regular que representa todas as sequências de passos possíveis de serem executados por este trecho de programa?"
2003-34,"A função abaixo, escrita na linguagem C, quando executada para $n = 5$, faz quantas chamadas recursivas (excluindo a primeira chamada da função)?
```
int fat (int n)
{
    if (n == 1) return n;
    else return (n*fat(n-1));
}
```"
2003-35,"Qual é a opção que descreve a tarefa executada pelo seguinte algoritmo escrito em Pascal?
```
procedure fazalgo (var x, var y)
begin
  x := x + y;
  y := x - y;
  x := x - y;
end
```"
2003-36,"Para que faixa de valores da variável $x$ o seguinte segmento de código imprime a letra `C`?
```
if (x <= 200)
    if (x < 100)
        if (x < 0) printf(""A"")
        else printf(""B"")
    else printf(""C"")
else printf(""D"")
```"
2003-41," Considere as seguintes tabelas em uma base de dados relacional:
```
Departamento (CodDepto, NomeDepto)
Empregado (CodEmp, NomeEmp, CodDepto)
```
Deseja-se obter uma tabela na qual cada linha é a concatenação de uma linha da tabela Departamento com uma linha da tabela de Empregado. Caso um departamento não possua empregados, seu linha no resultado deve conter vazio (NULL) nos campos referentes ao empregado. A operação de álgebra relacional que deve ser aplicada para combinar estas duas tabelas é:"
2003-43,"Considere a seguinte tabela em uma base de dados relacional (chave primária sublinhada):

<code>Tabela1(<u>CodAluno,CodDisciplina,AnoSemestre,</u> NomeAluno, NomeDisciplina,
CodNota, DescricaoNota)</code>

Considere as seguintes dependências funcionais:
- `CodAluno` → `NomeAluno`
- `CodDisciplina` → `NomeDisciplina`
- (`CodAluno`,`CodDisciplina`,`AnoSemestre`) → `CodNota`
- (`CodAluno`,`CodDisciplina`,`AnoSemestre`) → `DescricaoNota`
- `CodNota` → `DescricaoNota`

Considerando as formas normais, qual das afirmativas abaixo se aplica:"
2003-44,"Considere as seguintes tabelas em uma base de dados relacional:
```
Departamento (CodDepto, NomeDepto)
Empregado (CodEmp, NomeEmp, CodDepto,Salario)
```
Considere a seguinte consulta escrita em SQL:
```
SELECT D.CodDepto,NomeDepto,SUM(E.Salario)
FROM Departamento D, Empregado E
WHERE D.CodDepto=E.CodDepto
GROUP BY D.CodDepto,NomeDepto
HAVING COUNT(*)>2 AND AVG(E.Salario)>40
```
A consulta acima obtém o seguinte resultado:"
2003-48,"Seja a seguinte linguagem, onde $\epsilon$ representa o string vazio e $$$ representa um marcador de fim de entrada:
$$
\begin{align*}
& S \to ABCD \\
& A \to a \mid \epsilon \\
& B \to a \mid \epsilon \\
& C \to c \mid \epsilon \\
& D \to S \mid c \mid \epsilon
\end{align*}
$$
É incorreto afirmar que:"
2004-22,"Quanto vale $k$ no fim da execução do seguinte trecho de código?
```
k = 0;
for (i=1; i <= n; i++)
    for(j = i; j <= n; j++)
        k = k + 1;
```"
2004-23,"O programa abaixo, quando executado para $A(1, 2)$, faz quantas chamadas recursivas (excluindo a primeira chamada da função)?
```
int A (int m, int n) {
    if (m == 0) return n + 1;
    else if (n == 0) return A (m - 1, 1);
    else return A (m - 1, A (m, n - 1));
    }
```"
2004-27,"Considere o seguinte programa com dois processos concorrentes. O escalonador poderá alternar entre um e outro, isto é, eles poderão ser intercalados durante sua execução. As variáveis $x$ e $y$ são compartilhadas pelos dois processos e inicializadas antes de sua execução.
```
programa P
int x = 0;
int y = 0;
processo A {
    while (x == 0);
    print(‘‘a’’);
    y = 1;
    y = 0;
    print(‘‘d’’);
    y = 1;
}

processo B {
    print(‘‘b’’);
    x = 1;
    while (y == 0);
    print(""c"");
}
```"
2004-41,"Considere as seguintes tabelas em uma base de dados relacional, contendo informações sobre empregados, departamentos e a vinculação entre eles:
```
Departamento (CodDepto, NomeDepto)
Empregado (CodEmp, NomeEmp, CodDepto)
```
Deseja-se obter os nomes dos departamentos (`NomeDepto`) que não estão vinculados a nenhum Empregado. Para obter este resultado a consulta correta em SQL/2 é a seguinte:"
2004-42,"Considere um modelo entidade-relacionamento de uma indústria. Este modelo representa peças com suas propriedades, bem como a composição de peças (peças podem ser usadas na composição de outras peças). Este modelo entidade-relacionamento contém:
- Uma entidade *Peça*, com atributos código e nome e peso.
- Um auto-relacionamento de Peça, chamado *Composição*. Neste auto-relacionamento uma peça tem papel de componente e outra peça papel de *composto*. O auto-relacionamento tem cardinalidade n:n e tem um atributo *quantidade*, que informa quantas unidades da peça componente são usadas na peça composto. \
Uma base de dados relacional que implementa corretamente este modelo entidade-relacionamento e está na terceira forma normal é (chaves primárias estão sublinhadas):"
2004-44,"Considere as seguintes tabelas em uma base de dados relacional, contendo informações sobre empregados, departamentos e a vinculação entre eles:
```
Departamento (CodDepto, NomeDepto)
Empregado (CodEmp, NomeEmp, CodDepto, SalarioEmp)
```
Considere a seguinte consulta sobre esta base de dados:
```
SELECT D.CodDepto, AVG(SalarioEmp)
FROM Departamento D,
     Empregado E
WHERE E.CodDepto=D.CodDepto AND
      E.SalarioEmp > 300
GROUP BY D.CodDepto
HAVING COUNT(*) > 20
```
Esta consulta SQL tem o seguinte resultado:"
2004-53,"Considere um algoritmo genético que opera sobre três indivíduos A, B, C, descritos respectivamente pelos vetores binários A = [11011000], B = [00010000], C = [11001101], gerando dois novos indivíduos D = [11011001] e E = [11011000]. \
Os novos indivíduos foram gerados através de:"
2004-63,"O esquema de tradução dirigida por sintaxe que segue traduz uma linguagem com terminais a, b, c e d em uma linguagem cujos terminais são 1, 2, 3, 4, 5, 6. Usando um parser bottom-up que executa as ações entre parênteses imediatamente após reduzir a regra correspondente, qual o resultado da tradução de “aaadbc”
$$
\begin{align*}
& S \rightarrow AS & \text{\{print ""1""\}} \\
& S \rightarrow B & \text{\{print ""2""\}} \\
& A \rightarrow a & \text{\{print ""3""\}} \\
& B \rightarrow bC & \text{\{print ""4""\}} \\
& B \rightarrow dB & \text{\{print ""5""\}} \\
& C \rightarrow c & \text{\{print ""6""\}}
\end{align*}
$$"
2004-65,"Considere dois sistemas computacionais formados por múltiplos computadores que manipulam dados comuns. No primeiro, existe um computador central, chamado servidor, que é o único responsável pelos serviços de leitura e escrita desses dados. No segundo, existe um grupo de computadores responsáveis pelos serviços de leitura e escrita, e cada um desses servidores deve manter uma réplica idêntica dos dados. \
Entre as vantagens e desvantagens de um único servidor em relação a vários servidores, podemos afirmar que o servidor único apresenta: 

i. Vantagem de maior velocidade de execução das operações de escrita e leitura e desvantagem de maior custo de armazenamento \
ii. Vantagem de não necessitar de coordenação distribuída para ordenação das operações de escrita e desvantagem de menor velocidade nas leituras devido a serialização de operações \
iii. Vantagem de manter mais facilmente a consistência dos dados mas desvantagem de perda de disponibilidade em caso de falha do servidor. 

Dessas afirmativas são verdadeiras:"
2005-21,"Considere uma cpu usando uma estrutura pipeline com 5 estágios (IF, ID, EX, MEM, WB) e com memórias de dados e de instruções separadas, sem mecanismo de *data forwarding*, escrita no banco de registradores na borda de subida do *clock* e leitura na borda de descida do *clock* e o conjunto de instruções a seguir:
```
I1: lw  $2, 100($5)
I2: add $1, $2, $3
I3: sub $3, $2, $1
I4: sw  $2, 50($1)
I5: add $2, $3, $3
I6: sub $2, $2, $4
```
Quantos ciclos de *clock* são gastos para a execução deste código?"
2005-25,"Uma lista ligada possui a seguinte definição de nó:
```
type ap = ↑no;
     no = record
             info : integer;
             link : ap
          end;
```
Como o procedimento a seguir deve ser complementado para inverter uma lista ligada?
```
procedure inverte(var h: ↑no);
    var p,q : ↑no;
    begin
        if h <> NIL
            then begin
                p := h↑.link;
                h↑.link := NIL;
                while p <> NIL do
                    begin
                    ________;
                    ________;
                    ________;
                    ________;
                    end
                end
    end;
```"
2005-31,"Considere o programa:
```
program P (input, output);
var m,n : integer;
function FUN ( n : integer): integer;
var x : integer;
begin
    if n < 1 then FUN := 1
    else begin
        x := n * FUN (n-1);
        m := m-1;
        FUN := m+x;
        end;
end;
begin
    readln (m,n);
    writeln (m, n, FUN ( n ) );
end.
```
Este programa, para os valores $m = 5$ e $n = 4$, tem como resultado:"
2005-32,"Considere o algoritmo `máximo(v, i, f)` que devolve o índice de um elemento máximo de $\{v[i], \dots, v[f]\}$:
```
máximo(v, i, f)
    se i = f, devolva i
    p ← máximo(v, i, ⌊(i + f) / 2⌋)
    q ← máximo(v, ⌊(i + f) / 2⌋, f)
    se v[p] \geq v[q], devolva p
    devolva q
```
Considerando $n = f - i + 1$, o número de comparações entre elementos de $v$ numa execução de `máximo(v, i, f)` é"
2005-35,"Em uma estrutura de árvore binária de busca, foram inseridos os elementos “h”, “a”, “b”, “c”, “i”, “j”, nesta sequência. O tamanho do caminho entre um nó qualquer da árvore e a raiz é dada pelo número de arestas neste caminho. Qual o tamanho do maior caminho na árvore, após a inserção dos dados acima?"
2005-36,"Quatro tarefas, A, B, C e D, estão prontas para serem executadas num único processador. Seus tempos de execução esperados são 9, 6, 3 e 5 segundos respectivamente. Em qual ordem eles devem ser executados para diminuir o tempo médio de resposta?"
2005-43,"Em um banco de dados relacional, considere os esquemas de relação:
- Pessoa (<u>CPF</u>, Profissao)
- Trabalha (<u>CPF</u>, <u>CGC</u>, Periodo)
- Firma (<u>CGC</u>, nome, endereco)

e considere as operações de álgebra relacional União, Interseção, Diferença, Junção Natural, Projeção e Seleção.

Considere que cada relação tenha 1 milhão de tuplas e que existe um índice no banco de dados para cada chave de relação. Considere as consultas a seguir, supondo que antes do processamento de cada uma nenhum pedaço das relações já esteja na memória.

C1. Quais as profissões de todas as pessoas? \
C2. Qual a profissão da pessoa de CPF = ’X’, onde X é um CPF válido? \
C3. Qual o endereço da firma de CGC diferente de ’Z’, onde Z é um CGC válido? \
C4. Quais os períodos na década 1990-1999 em que ninguém trabalhou, onde o banco de dados contém informações entre 1980 e 2005? 

Qual das consultas acima é mais rápida em termos de operações de E/S? Assinale a afirmação correta."
2005-44,"Sejam T1 e T2 duas transações sendo processadas por um SGBD. Os termos lockR lockW correspondem a pedidos de tranca de leitura e gravação, respectivamente, e Unlock liberação de tranca. A, B e C são dados do banco de dados. O trecho a seguir é um pedaço do escalonamento de T1 e T2 definido pelo escalonador do SGBD (o trecho não está completo):
```
start(T1); lockR(T1, A); read (T1, A); start(T2);
lockR(T2, B); read (T2, B); lockW (T1, C); read(T1,C);
write(T1,C); unlock(T1, C); lockW (T1, B); lockW (T2, A); lockR(T2,C);
...
```
Considere as seguintes afirmações:

(I) O trecho mostra um exemplo de aplicação do protocolo 2PL (*two phase lock* ou tranca em 2 fases). \
(II) O trecho viola o protocolo 2PL. \
(III) O trecho mostra um exemplo em que há *deadlock* (impasse) entre T1 e T2. \
(IV) O trecho não tem *deadlock* entre T1 e T2. \
(V) Nada se pode afirmar. \
Estão corretas as afirmações:"
2006-18,"Um algoritmo probabilístico $A$ resolve problemas de dois tipos:
- Problemas do tipo 1: os quais são resolvidos corretamente com probabilidade 3/4, e correspondem a 1/3 do total de problemas.
- Problemas do tipo 2: os quais são resolvidos corretamente com probabilidade 1/2, e correspondem a 2/3 do total de problemas.

Verifica-se, utilizando algum método determinístico, que a resposta encontrada pelo algoritmo está realmente correta. Qual a probabilidade de que o problema resolvido seja do tipo 1?"
2006-21,"Considere dois sistemas **A** e **B** compostos por um processador, cache e memória cuja única diferença é a cache de dados. As caches de dados possuem em comum palavras de 2 Bytes, capacidade (por exemplo, 2 KBytes), tamanho de bloco (por exemplo, 8 Bytes por linha) e são implementadas com a mesma tecnologia, porém com organizações diferentes como definidas abaixo:

**(Cache de A)** Cache com mapeamento direto, utilizando políticas *write-through* e *no-write allocate* (escritas não utilizam a cache)\
**(Cache de B)** Cache *4-way set-associative*, utilizando políticas *write-back*, *write-allocate* e LRU

Considere as seguintes afirmações para os sistemas A e B executando um mesmo programa típico:

**(I)** O sistema A deve possuir um *miss rate* maior do que B\
**(II)** O sistema B deve possuir um *hit rate* menor do que A \
**(III)** A cache de dados de A é mais rápida do que a de B\
**(IV)** A cache de dados de A é mais simples de ser implementada do que a de B\
**(V)** Em média, uma escrita de dados no sistema A é mais rápido do que em B \
**(VI)** As caches de dados de A e B possuem o mesmo número de linhas

Quais são as afirmações verdadeiras?"
2006-29,"Considere a função Pot que calcula $x^n$ , para $x$ real e $n$ inteiro:
```
Function Pot(x: real; n: integer): real;
   begin
      if x = 0
      then
         Pot := 0
      else 
         if n = 0
         then
            Pot := 1
         else 
            if n < 0
            then
               Pot := 1/Pot(x,abs(n))
            else 
               if odd(n)
               then
                  Pot := x * sqr(Pot(x,(n-1) div 2))
               else
                  Pot := sqr(Pot(x,n div 2))
      end;
```
Seja $T(n)$ o tempo de execução da função Pot para as entradas $x$ e $n$. A ordem de $T(n)$ é"
2006-33,"Como o procedimento abaixo deve ser completado para que ele seja capaz de ordenar um vetor de $n$ elementos $(n \leq 100)$ em ordem crescente.
```
....
type VetorType = array[0..100] of integer;
procedure Ordena(n: integer; var a: VetorType);
   var i,j,x: integer;
   begin
      for i := 2 to n do 
         begin
            x := a[i];
            j := i - 1;
            ___________________;
            While x < a[j] do 
               begin
                  a[i+j] := a[j];
                  __________________;
               end;
            ____________________;
         end;
       end;
```"
2006-35,"Que valores são impressos quando o seguinte algoritmo, escrito em Pascal, é executado?
```
Program P;
var a,b: integer;
Procedure Mist(x: integer; var y: integer);
begin
      x:=y+a+1;
      y :=x+b+1
end 
begin
      a:=1; b:=2;
      Mist(a,b);
      Write(a,b)
end.
```"
2006-36,"Seja $G = (V, E)$ um grafo simples conexo não-euleriano. Queremos construir um grafo $H$ que seja euleriano e que contenha $G$ como subgrafo. Considere os seguintes possíveis processos de construção:

(I) Acrescenta-se um novo vértice, ligando-o a cada vértice de $G$ por uma aresta.\
(II) Acrescenta-se um novo vértice, ligando-o a cada vértice de grau ímpar de $G$ por uma aresta.\
(III) Cria-se uma nova cópia $G'$ do grafo $G$ e acrescenta-se uma aresta ligando cada par de vértices correspondentes.\
(IV) Escolhe-se um vértice arbitrário de $G$ e acrescentam-se arestas ligando este vértice a todo vértice de grau ímpar de $G$.\
(V) Duplicam-se todas as arestas de $G$.\
(VI) Acrescentam-se arestas a $G$ até se formar o grafo completo com $\left| V\right|$ vértices.

Quas dos processos acima sempre constroem corretamente o grafo $H$?"
2006-37,"Considere o programa:
```
program p;
   var n: integer;
   function f(n: integer; var k: integer): integer;
      var p,q:integer;
   begin (* f *)
      if n < 2
         then begin
               f :=n;
               k := 0
            end
         else begin
               f := f(n-1, p) + f(n-2, q);
               k := p + q + 1 
            end;
      write(n,' ',k,'; ')
   end (* f *); 
   begin
   n := 4; 
   write (f (3,n) ,n)
   end.
```
Quais os valores impressos pelo programa?"
2006-38,"Considere o programa:
```
program p;
   var n: integer;
   function f(n: integer; var k: integer): integer;
      var p,q:integer;
   begin (* f *)
      if n < 2
         then begin
               f :=n;
               k := 0
            end
         else begin
               f := f(n-1, p) + f(n-2, q);
               k := p + q + 1 
            end;
      write(n,' ',k,'; ')
   end (* f *); 
   begin
   n := 4; 
   write (f (3,n) ,n)
   end.
```
A complexidade desse Algoritmo é:"
2006-42,"Considere os esquemas das relações abaixo:
- `Empregado(rg, nome, rua, cidade, rg-gerente)`, onde o atributo ”rg” é chave da relação Empregado.
- `Empresa(cod, nome, cidade)`, onde o atributo ”cod” é chave da relação Empresa.
- `Trabalha(rg-emp, cod-empresa, salario)`, onde ”rg-emp” referencia o atributo ”rg” na relação Empregado, ”cod-empresa”referencia o atributo ”cod” na relação Empresa e os atributos ”rg-emp” e ”cod-empresa” formam a chave da relação trabalha.

A consulta expressa em Cálculo Relacional `{e.nome | e` $\in$ `Empregado AND t` $\in$ ` Trabalha AND a` $\in$ `Empresa AND e.rg = t.rg-emp AND t.cod-empresa = a.cod AND e.cidade = a.cidade}` tem como melhor tradução a consulta:"
2006-45,"Considere os seguintes esquemas de relação:
```
Departamentos (codDepto, nome, gerente)
Empregados (codEmp, nome, codDepto, salario)
```
Considere também que o atributo codDepto na relação Empregados é uma chave estrangeira que faz referência à relação Departamentos. Suponha a seguinte consulta formulada na linguagem SQL:
```
SELECT d. codDepto
   FROM Empregados e, Departamentos d
      WHERE e. codDepto = d. codDepto
     GROUP BY d. codDepto
     HAVING AVG(sal) > ALL (SELECT e .sal 
        FROM Empregados e, Departamentos d
        WHERE e. codDepto = d. codDepto
           AND d. nome = 'vendas)
```
Escolha, dentre as afirmativas abaixo, a correta:"
2006-56,"Suponha que são dados 3 valores inteiros, A, B e C, em ordem decrescente, representando os lados de um triângulo. Cada valor deve estar entre 1 e 100. O programa deve fornecer como saída o tipo do triângulo (equilátero, isósceles, escaleno, retângulo) ou a mensagem ""entradas inválidas"" caso os valores não representem um triângulo válido. Qual dos conjuntos de teste abaixo poderiam ser usados nos testes de valores-limite para esse programa?"
2006-57,"O código abaixo implementa uma função que calcula o MDC de dois números inteiros usando o algoritmo de Euclides:
```
   function mdc (int a, int b) 
   int temp, value;
   a := abs(a);
   b:= abs(b);
   if (a = 0) then
      value := b;    // b é o MDC
   else if (b = 0) then
      exceção;
      else
         repeat
            temp := b;
            b:= a mod b;
            a := temp;
         until (b = 0)
         value := a;
      end if;
   return value;
end mdc
```
Qual dos conjuntos de teste dados a seguir poderiam ser usados para atender ao critério de todos os ramos?"
2006-63,"Considere o programa Prolog:
```  
blabla([ ],L,L).
blabla([X|L1],L2,[X|L3]):- blabla(L1,L2,L3).
```
Quantas possíveis respostas a interrogação abaixo fornece (considerando o *backtracking*)?
```
?- blabla(L1,L2,[a,b]).
```"
2007-02,"Para o processamento de um programa com 20 módulos independentes, pretende-se utilizar dois grupos de processadores em paralelo, $X$ e $Y$. Para organizar esses grupos, contamos com 48 processadores, sendo que dois deles estão sujeitos a falhas. O grupo $X$ somente pode conter oito processadores e nenhum deles pode apresentar falhas. Nenhuma restrição foi especificada para o grupo $Y$.

Nessa situação representada pela combinação de $m$ elementos $p$ a $p$ e pelo arranjo de $m$ elementos $p$ a $p$, conclui-se que a quantidade de maneiras distintas de apresentar a organização dos processadores é igual a"
2007-20,"Suponha agora que o programa é executado e se aguarda até 50 minutos para seu término. Se após esse período a execução não está terminada, então o programa é interrompido e reiniciado. A srgunda execução sempre vai até o final.

O tempo  médio até o final da execução do programa quando utilizamos esse procedimento é"
2007-23,"Seja $T$ uma árvore AVL vazia. Supondo que os elementos 5, 10, 11, 7, 9, 3 e 6 sejam inseridos nessa ordem em $T$, indique a sequência abaixo que corresponde a um percurso de $T$ em pós-ordem."
2007-24,"Considere um arquivo texto que contenha uma mensagem de 10.000 caracteres utilizando os caracteres A, B e C, com probabilidades 0,1, 0,1 e 0,8 respectivamente. Ao utilizar o *algoritmo de Huffman* para compressão/codificação do referido texto, as seguintes afirmativas são apresentadas.

I. O comprimento médio dos códigos para os referidos caracteres é 1, 2. \
II. Se forem utilizados todos os pares possíveis de símbolos para a construção da
árvore de *Huffman*, então o comprimento médio dos códigos para os referidos pares é menor que 1, 2 por caractere. \
III. A codificação de *Huffman* a partir de todos os pares possíveis de caracteres sempre produz códigos de menor comprimento médio.

Os dados acima permitem afirmar que"
2007-30,"Suponha que tenhamos à nossa disposição um algoritmo `MULT` que efetua a multiplicação de duas matrizes $ A_{p \times q} $ e $ B_{q \times r} $ dadas como entrada com $ p \times q \times r $ multiplicações de escalares. Esse algoritmo é, então, usado para definir o seguinte problema de decisão chamado `MULTMAT`:

**ENTRADA**: vetor $ p[0], p[1], \ldots, p[n] $, um inteiro positivo $ m $.\
**QUESTÃO**: existe uma sequência de multiplicações de duas matrizes com o algoritmo `MULT` que produz o resultado de $ A_1A_2 \cdots A_n $, em que cada $ A_i $, para todo $ i \in \{ 1, 2, \ldots, n \} $, é uma matriz de dimensões $ p[i - 1] \times p[i] $, com $ m $ multiplicações de escalares no máximo?

Considere as seguintes afirmativas.

**I.** O algoritmo abaixo demonstra que `MULTMAT` está na classe de problemas $ P $.
```
Chamada: MULTMAT(p, m)
1: q ← Q(p, 0, n)
2: se q \leq m então
3:     retorna “Sim”
4: retorna “Não”

Chamada: Q(p, i, j)
5: se i = j então
6:     retorna 0
7: q ← \infty
8: para k ← i, i + 1, ..., j - 1 faça
9:     r ← Q(p, i, k) + Q(p, k + 1, j) + p[i - 1]p[k]p[j]
10:    se r < q então
11:        q ← r
12: retorna q
```
**II.** `MULTMAT` está na classe de problemas $ NP $.\
**III.** Se I e II são corretas, então $P = NP$.

Assinale a alternativa que apresenta a(s) afirmativa(s) CORRETA(S)."
2007-31,"Considere o problema do caixeiro viajante, definido como se segue.\
Sejam $S$ um conjunto de n $n \geq 0$ cidades, e $d_{ij} > 0$ a distância entre as cidades $i$ e $j$, $i, j \in S, i \neq j$. Define-se um *percurso fechado* como sendo um percurso que parte de uma cidade $i \in S$, passa exatamente uma vez por cada cidade de $S \setminus \{i\}$, e retorna à cidade de origem. A distância de um percurso fechado é definida como sendo a soma das distâncias entre cidades consecutivas no percurso. Deseja-se encontrar um percurso fechado de distância mínima. Suponha um algoritmo guloso que, partindo da cidade 1, move-se para a cidade mais próxima ainda não visitada e que repita esse processo até passar por todas as cidades, retornando à cidade 1.\
Considere as seguintes afirmativas.

I. Todo percurso fechado obtido com esse algoritmo tem distância mínima.\
II. O problema do caixeiro viajante pode ser resolvido com um algoritmo de complexidade linear no número de cidades.\
III. Dado que todo percurso fechado corresponde a uma permutação das cidades, existe um algoritmo de complexidade exponencial no número de cidades para o problema do caixeiro viajante.

Em relação a essas afirmativas, pode-se afirmar que"
2007-38,"Dado o seguinte programa escrito em C:
```
#include <stdio.h>

int main(void)
{
   int n[] = {7, 8, 9};
   int *p;

   p = &n[0];
   p++;
   printf(""Valor: %d "", *p);
   (*p)++;
   printf(""Valor: %d\n"", *p);
}
```
Qual é a resposta que será impressa na tela:"
2007-41,"Considere um banco de dados com as seguintes tabelas e campos:
$$
\begin{align*}
\begin{array}{l}
\textnormal{ALUNOS (nome-aluno, código-aluno, cidade, código-curso)} \\
\textnormal{CURSOS (nome-curso, código-curso, carga-horária)}
\end{array}
\end{align*}
$$
Assinale a alternativa que apresenta a forma mais otimizada de realizar a consulta
*“encontrar o nome dos alunos que pertencem ao curso Computação”*. (operações em ordem de execução)"
2007-42,"Considere o conteúdo do arquivo de *log* abaixo, em que um registro $\langle T_i, \text{start} \rangle$ indica o início da transação $T_i$, um registro $\langle T_i, \text{commit} \rangle$ indica o seu final, e $IA, IB, \ldots$ indicam os itens afetados pelas transações. Assim, no registro $\langle T_1, IA, 200, 500 \rangle$, temos respectivamente $T_1$ como um identificador de transação, $IA$ como o item afetado, 200 o seu valor antigo e 500 o seu novo valor. Os números sequenciais indicam o *timestamping* da ação.

1\. $\langle T_1, \text{start} \rangle$ \
2. $\langle T_1, IA, 200, 500 \rangle$ \
3. $\langle T_2, \text{start} \rangle$ \
4. $\langle T_2, IB, 400, 500 \rangle$ \
5. $\langle T_1, IC, 560, 340 \rangle$ \
6. $\langle T_2, ID, 659, 333 \rangle$ \
7. $\langle T_2, \text{commit} \rangle$ \
8. CHECKPOINT \
9. $\langle T_3, \text{start} \rangle$ \
10. $\langle T_1, IE, 2234, 344 \rangle$ \
11. $\langle T_3, IF, 445, 559 \rangle$ \
12. $\langle T_3, \text{commit} \rangle$ \
13. FALHA

Note que no tempo 8 ocorreu um *checkpoint* e que, no tempo 13, ocorreu uma falha de sistema (por exemplo, uma falta de energia). Considere que está sendo utilizada a técnica de atualização imediata do banco de dados, estratégia que também é conhecida como algoritmo UNDO/REDO.

Avalie as seguintes afirmativas.

I. A transação $T_1$ deverá ser refeita (REDO).\
II. A transação $T_1$ deverá ser desfeita (UNDO).\
III. A transação $T_2$ deverá ser refeita (REDO).\
IV. A transação $T_2$ deverá ser desfeita (UNDO).\
V. A transação $T_3$ deverá ser refeita (REDO).\
VI. A transação $T_3$ deverá ser desfeita (UNDO).\
IX. Não é preciso fazer nada com respeito à transação $T_3$.

Com base nessas afirmativas, assinale a alternativa que apresenta os três itens CORRETOS."
2007-43,"Considere que um Banco de Dados Distribuído siga o protocolo TWO-PHASED COM-MIT e que o nodo **X** tenha retornado uma resposta negativa na primeira fase, indicando que não pode realizar a operação que lhe cabe.\
Nesse caso, durante a segunda fase, o coordenador da transação deverá"
2007-45,"Considere a gramática regular abaixo onde $+_{i}$ e $x_{i}$ são operadores unários e $n,m > 0$
$$
\begin{array}{l}
A \rightarrow +_{1}B \mid +_{2}B \mid \ldots \mid +_{n}B \mid B \\
B \rightarrow x_{1}B \mid x_{2}B \mid \ldots \mid x_{m}B \mid \mathit{id}
\end{array}
$$
Nesse caso, é **CORRETO** afirmar que"
2007-47,"Considere a gramática *G* abaixo, em que $\epsilon$ representa o *string* nulo.
$$
\begin{array}{l}
S \rightarrow B \mid C \mid D \\
A \rightarrow \epsilon \\
B \rightarrow d \\
C \rightarrow Aac \mid bAc \\
D \rightarrow Bcd \mid bBa
\end{array}
$$
A esse respeito, analise as seguintes afirmativas.

I. *G* é SLR(1)\
II. *G* é LALR(1)\
III. *G* é LR(1)

A análise permite concluir que"
2007-50,"Seja o plano definido pelos pontos $A(10, 0, 0)$, $B (0, 10, 0)$ e $C (2, 2, 20)$. A pro jeção do ponto $D(20, 20, 10)$ sobre esse plano segundo a direção de projeção $U=(-5, -10, -15)$ é"
2008-02,"Considere que as transações **T1 e T2** abaixo possam ocorrer simultaneamente.
```
T1:
Leitura(A);
A = A + 100;
Escrita(A);
Leitura(B);
B = B - 100;
Escrita(B);
```
```
T2:
Leitura(B);
Leitura(A);
Print (A+B);
```
Analise as seguintes situações.

I. A operação Leitura(A) de **T2** é executada após a operação Escrita(A) e antes da operação Leitura(B) de **T1**. Entretanto, a operação Escrita(B) de **T1** causa uma violação de integridade, e a transação T1 é abortada, sendo suas operações desfeitas.\
II. Após as operações da transação **T1** terem sido executadas, é enviada uma mensagem ao usuário informando que a transação foi completada com êxito. Entretanto, antes que os buffers relativos a **T1** sejam descarregados para o meio físico, ocorre uma falha, e os dados não são efetivamente gravados.\
As propriedades das transações que foram violadas nessas duas situações são, **respectivamente**,"
2008-03,"Considere as imagens $I_1$, dada por $I_1(i,j) = 9((i+j)\mod 2)$, e $I_2$, \, dada por $I_2(i,j) = 9((i+j)\mod 3)$, 
representadas nas tabelas abaixo para dimensões $ 5 \times 5 $:\
Imagem $ I_1 $:

| 0 | 9 | 0 | 9 | 0 |
|---|---|---|---|---|
| 9 | 0 | 9 | 0 | 9 |
| 0 | 9 | 0 | 9 | 0 |
| 9 | 0 | 9 | 0 | 9 |
| 0 | 9 | 0 | 9 | 0 |

Imagem $ I_2 $:

| 0 | 9 | 18 | 0 | 9 |
|---|---|---|---|---|
| 9 | 18 | 0 | 9 | 18 |
| 18 | 0 | 9 | 18 | 0 |
| 0 | 9 | 18 | 0 | 9 |
| 9 | 18 | 0 | 9 | 18 |

Dada a janela $ V(i,j) $ de dimensões $ 3 \times 3 $ centrada no pixel $ (i,j) $ de uma imagem $ I $, considere os filtros que atribuem a $ (i,j) $ o valor dado pela média e pela mediana dos valores de $ I $ em $ V(i,j) $."
2008-13,"Observe a seguinte gramática:
```
  DECL → IF | a
  IF → if ( EXP ) DECL ELSE
  ELSE → else DECL | \epsilon
  EXP → 1 | 0
```
Sendo `$` o símbolo que representa final de arquivo, é CORRETO afirmar que"
2008-15,"Dada a seguinte função escrita na linguagem de programação C:
```
void _________(int xi, int yi, int xf, int yf, int cor)
{
  int x, y;
  float a;

  a = (yf - yi) / (xf - xi);
  for (x = xi; x <= xf; x++)
    {
    y = (yi + a * (x - xi));
    putpixel(x, y, cor);
  }
}
```
Considere que a função `putpixel` plota um pixel de cada vez na tela em modo gráfico, na posição (x, y) com a cor especificada. Essa função plota na tela do computador"
2008-34,"O trecho de código em linguagem de montagem do MIPS64 a seguir faz a soma do conteúdo de dois vetores, armazenando o resultado em um terceiro vetor.
```
LOOP: ld R1, A(R5) ;; R1 = MEM[A+R5]

ld R2, B(R5) ;; R2 = MEM[B+r5]

dadd R3, R1, R2 ;; R3 = R1 + r2

sd R3, C(R5) ;; MEM[C+r5] = R3

daddi R5, R5, -8 ;; R5 = R5 -8

bnez R5, loop ;; IF R5 <> 0 THEn PC=LOOP

nop
```
Assinale a alternativa que indica quantas dependências diretas, antidependências e dependências de saída respectivamente, podem ser encontradas nesse trecho de código."
2008-36,"Assuma que um programa tem um *profile* de execução onde 85% das instruções são simples (tais como AND, XOR, ADD e BRANCH) e os 15% restantes são instruções complexas (tais como MUL e DIV). Adicionalmente, considere que as instruções simples precisam de 2 ciclos de máquina e as complexas precisam de 12 ciclos em uma máquina CISC (cada ciclo = 10 ns). Em uma máquina RISC, as instruções simples serão executadas em 1 ciclo, enquanto que as instruções complexas deverão ser simuladas por software necessitando, em média, 20 ciclos por instrução. Devido a sua simplicidade, o tempo de ciclo em uma máquina RISC é de 8 ns. Considere também que o programa precisou de 100.000.000 instruções para ser completado. 

Qual o tempo gasto em segundos na execução desse programa, respectivamente, nas máquinas CISC e RISC?"
2008-44,"Considere a seguinte gramática *G* , onde *S* é o símbolo inicial:
$$
\begin{array}{l}
S \rightarrow AcB \\
A \rightarrow cA \mid aB \\
B \rightarrow cB \mid aA \\
A \rightarrow \varepsilon
\end{array}
$$
Assinale a alternativa que apresenta a palavra que **NÃO** pertence à linguagem gerada pela gramática *G*."
2008-51,"Considere o seguinte termo do cálculo-lambda:
$$
M = (\lambda x . \lambda y . x ) ( \lambda u .\lambda z .u )
$$
Considerando a forma normal que resulta da redução completa do termo M , assinale a alternativa **CORRETA**."
2008-59,"O curso de Matemática de uma universidade tem 500 alunos. As disciplinas de Álgebra, Cálculo e Geometria têm 100, 120 e 80 alunos matriculados, respectivamente. O número de alunos matriculados em Álgebra e Geometria, mas não em Cálculo é 20. O número de alunos matriculados em Cálculo, mas não em Álgebra nem em Geometria é 55. \
Considere as seguintes afirmativas.

I. A probabilidade de um aluno da universidade estar matriculado em pelo menos uma dessas três disciplinas é menor que 50%. \
II. A probabilidade de um aluno matriculado em Cálculo estar também matriculado em Geometria é 25%. \
III. Nenhum aluno está matriculado simultaneamente nas três disciplinas. 

Com base na situação descrita, assinale a alternativa CORRETA."
2008-61,"Uma empresa precisa instalar um servidor de modo a atender três outros computadores localizados nos pontos $A(0;1)$, $B(0;-1)$ e $C(3; 0)$. \
Em qual ponto $P$ o servidor deve ser instalado de modo a minimizar a soma das distâncias de $P$ a $A$, $B$ e $C$?"
2008-70,"Considere que 14 cópias de uma mesma tarefa devem ser executadas paralelamente por agentes idênticos, organizados em dois sistemas multiagentes, SMA-A e SMA-B. O sistema SMA-A é formado por 16 agentes e o sistema SMA-B é formado por 32 agentes. Seja $C(m, p)$ a combinação de $m$ elementos $p$ a $p$. 

Assinale fórmula que representa a quantidade de maneiras diferentes de escolher os agentes, no caso em que pelo menos uma tarefa deve ser executada por algum agente do sistema SMA-B."
2009-15,"Existem três suspeitos de invadir uma rede de computadores: André, Bruna e Carlos. Sabe-se que a invasão foi efetivamente cometida por um ou por mais de um deles, já que podem ter agido individualmente ou não. Sabe-se, ainda, que:

I. Se André é inocente, então Bruna é culpada. \
II. Ou Carlos é culpado ou Bruna é culpada, mas não os dois. \
III. Carlos não é inocente. 

Com base nestas considerações, conclui-se que:"
2009-20,"Três empresas, X, Y e Z estão competindo por clientes, usando uma campanha de marketing. \
Como resultado dessa campanha, houve a seguinte mudança de clientes:
- 7% dos clientes de X trocam para Y
- 5% dos clientes de X trocam para Z
- 14% dos clientes de Y trocam para X
- 8% dos clientes de Y trocam para Z
- 3% dos clientes de Z trocam para X
- 5% dos clientes de Z trocam para Y

Se no início da campanha a distribuição de clientes era

- 39% para X
- 26% para Y
- 35% para Z

Que operação matricial pode ser usada para representar o cálculo da distribuição de clientes após o fim da campanha?"
2009-21,"A sequência de Fibonacci é uma sequência de inteiros, cujo primeiro termo é 0, o segundo termo é 1, e a partir do terceiro, cada termo é igual à soma dos dois anteriores.
O seguinte algoritmo recursivo retorna o $n$-ésimo termo da sequência
```
Procedimento F(n)
    se n < 3 então retornar n-1
    senão retornar F(n-1) + F(n-2)
```
A chamada externa é `F(n)`, sendo $n > 0$. 

Assinale a alternativa CORRETA:"
2009-23,"Considere o seguinte programa escrito em C:
```
#include<stdio.h>
#include<string.h>
int main (void)
{
   char texto[]= ""foi muito facil"";
   int i;

   for (i = 0; i < strlen(texto); i++)
   {
        if (texto[i] == ' ') break;
   }
   i++;

   for ( ; i < strlen(texto); i++)
   {
        printf(""%c"", texto[i]);
   }
    return 0;
}
```
O que será impresso quando o programa for executado?"
2009-26,"Considere uma arquitetura de memória com as seguintes características:
- Memória logicamente particionada em segmentos paginados.
- Endereços virtuais de 32 bits: 8 para segmentos, 11 para páginas, o restante para o endereçamento na página.
- Endereços físicos de 20 bits e páginas de 8KB.

Caso o particionamento lógico fosse o de paginação pura, a relação entre o número de páginas virtuais e o número de frames seria equivalente a:"
2009-29,"A função PASCAL-like abaixo deve implementar o algoritmo de busca binária num vetor de inteiros A, com N elementos, ordenado crescentemente, onde o argumento v é a chave de busca.
```
function buscabinaria (v:integer);
   var x, e, d : integer;
begin
   e :=1;
   d := N;
   repeat
      x := (e+d) div 2;
      if v < A[x]    then d := x-1
                     else e := x+1
   until ............
   if v=A[x]         then buscabinaria := x
                     else buscabinaria := N+1
end;
```
Para que isso ocorra, o trecho pontilhado no corpo da função deve ser substituído por:"
2009-31,"Considere uma tabela de espalhamento (tabela *hash*) de comprimento $m = 11$, que usa endereçamento aberto (*open addressing*), a técnica de tentativa linear (*linear probing*) para resolver colisões e com a função de dispersão (função *hash*) $h(k) = k \mod m$, onde $k$ é a chave a ser inserida. Considere as seguintes operações sobre essa tabela:

- Inserção das chaves 3, 14, 15, 92, 65, 35 (nesta ordem);
- Remoção da chave 15; e
- Inserção da chave 43.

Escolha a opção que representa esta tabela após estas operações:"
2009-32,"O que imprime o programa escrito em “C” abaixo?
```
int f (int a [], int n) {
   if (n <= 0) return 1;
   return a[n-1] * f (a, n-2) + 1;
}

int a [6] = { 0, 1, 2, 3, 4, 5};

#include <stdio.h>
int main() {
   printf (""%d\n"", f(a,6));
}
```"
2009-38,"Após a execução do pedaço de programa a seguir, escrito na linguagem de montagem do 8086, que valores estarão em AL e BL?

```
; if 25=10 then VAR = 30
MOV AL, 25
MOV BL, 10
CMP AL, BL
JNZ rot1
MOV AL, 30
MOV VAR, AL
rot1:
...
...
VAR DB 0
```"
2009-46,"Qual o resultado do programa em Java a seguir:
```
public class Prova {
   static int v1;
   int v2;

   static { v1=1 ;}
   { v2 = 2; }

   void troca() {
      v1=v2 ;
   }

   public static void main(String[] args) {
      Prova a=new Prova();
      Prova b=new Prova();
      a.v2=5;
      a.troca();
      System.out.print(a.v1);
      System.out.print(a.v2);
      System.out.print(b.v1);
      System.out.print(b.v2);
    }
}
```"
2009-47,"Seja o programa em Prolog a seguir:
```
pai(abel, bernardo).
pai(abel, bia).
mae(ana, bernardo).
mae(ana, bia).

parenteSimples(X,Y) :- pai(xX,Y).
parenteSimples(X,Y) :- mae(X,Y).

irmao(X,Y) :- parenteSimples(Z,X), parenteSimples(Z,Y),X \=Y.
```
Qual a resposta para a entrada:

```
irmao(X,Y).
```

Supondo que para cada resposta do programa é digitado “;” (ponto e vírgula)."
2009-50,"Dado o programa em Pascal a seguir, qual o valor impresso no final?

```
program project1;

var
   v1 : integer;
   v2 : integer;

procedure a;
var 
   v1 : integer;
begin
   v1 := 1;
   v2 := 2; 
end;

procedure b(var v1 : integer; v2:integer) ;
begin
   v1 := 3;
   v2 := 4;  
end;

begin
   v1:=5;
   v2:=6;
   a;
   b(v2,v1);
   writeln(vi,' ',v2);
end.
```"
2009-51,"A questão abaixo refere-se ao seguinte trecho de programa.
```
begin
    read (a,b,c)
    tipo = “escaleno”
    if (a=b) or (b=c) or (a=c) then
        tipo = “isosceles”;
    if (a=b) and (b=c) then
        tipo = “equilátero”;
    if (a>=b+c) or (b>=a+c) or (c>=a+b) then
        tipo = “não é um triângulo”;
    if (a<=0) or (b<=0) or (c<=0) then
        tipo = “dados inválidos”;
    write (tipo)
end
```
Considere as seguintes afirmativas:

I. É possível exercitar todos os comandos do programa com 5 casos de teste. \
II. Um limite superior do número de caminhos linearmente independentes do grafo de fluxo do programa é 4. \
III. Admitindo que os nós do grafo de fluxo possam representar condições compostas, e que, portanto, cada comando do programa acima possa ser representado num único nó, o número de regiões de seu grafo de fluxo é 4. 

Assinale a alternativa CORRETA:"
2009-67,"Considere a relação abaixo, obtida via processo de engenharia reversa em documentos de uma empresa.

<code>
Emp (<u>CodEmp</u>, <u>CodDept, CodMag</u>, Nome, Sala, NomeDept, NomeMáquina)
</code>

Através de um processo de normalização (não necessariamente completo), chegou-se ao seguinte conjunto de relações:

<code>
R1 (<u>CodEmp</u>, Nome, CodDept, CodMag)
</code>

<code>
R2 (<u>CodDept</u>, NomeDept, Sala)
</code>

<code>
R3 (<u>CodMag</u>, NomeMáquina).
</code>

Considere que as seguintes dependências funcionais se aplicam a estas relações:

```
CodEmp → Nome
CodDept → (NomeDept, Sala)
CodMáquina → NomeMáquina
```
Assinale a alternativa CORRETA:"
2009-70,"Sejam as seguintes tabelas em um banco de dados relacional:\
**Tabela de Compradores**

| CID  | CNOME            | CIDADE         | DESCONTO |
|------|------------------|----------------|----------|
| C001 | Lojas Cacique     | Rio de Janeiro  | 10,00    |
| C002 | Lojas Livres      | São Paulo       | 12,00    |
| C003 | Mercado Fácil     | Curitiba        | 8,00     |
| C004 | Papelaria Simão   | Recife          | 6,00     |
| C005 | Lojas da Silva    | Manaus          | 0,00     |

**Tabela de Produtos**

| PID  | NOME      | CLIENTE | QUANT  | PREÇO |
|------|-----------|---------|--------|-------|
| p01  | Pente     | C001    | 11000  | 10    |
| p02  | Escova    | C002    | 20000  | 10    |
| p03  | Barbeador | C003    | 15000  | 20    |
| p04  | Caneta    | C003    | 20000  | 1     |
| p05  | Lápis     | C004    | 10000  | 1     |
| p06  | Caderno   | C004    | 14000  | 5     |
| p07  | Bloco     | C005    | 5000   | 1,5   |

Qual o resultado da seguinte consulta em SQL? 

```
SELECT CNOME, NOME, PRECO*(1-DESCONTO/100) AS PF
FROM COMPRADORES, PRODUTO
WHERE
 DESCONTO > (SELECT AVG(DESCONTO) FROM COMPRADORES)
 AND CID=CLIENTE
ORDER BY NOME, CNOME;
```"
2010-21,"Um estudante de computação precisa resolver um problema bastante importante, que é executar as operações que estão descritas abaixo, cuja estrutura é uma pilha. Tão logo ele retire algum elemento desta pilha, estes deverão ser inseridos em uma fila, cuja entrada é pela esquerda e a saída, pela direita. 

Assinale a alternativa que contém a sequência correta de entrada dos elementos na fila.
```
PUSH P
PUSH E
PUSH R
PUSH T
PUSH O
POP
POP
PUSH S
PUSH O
PUSH L
POP
POP
POP
```"
2010-22,"Considere o seguinte trecho de programa escrito na linguagem C.
```
#include<stdio.h>

...
  char str[100], *ptr;
...
  for (ptr=str;(*ptr++=getchar())!=’\n’;*ptr=’\0’);
...
```
Pode-se afirmar que o objetivo do comando `for` é:"
2010-24,"Considere a seguinte função escrita na linguagem C.
```
int F1 (unsigned int n)
{
  if (n==0) return n;
  int i,j;
  for (i=j=1;i<2*n-1;i+=2,j+=i);
  return j;
}
```
Assinale a alternativa que apresenta corretamente a função com o mesmo resultado da função `F1`."
2010-25,"Considere dois algoritmos $A_1$ e $A_2$, cujas funções de custo são, respectivamente, $T_1(n) = n^2 - n + 1$ e $T_2(n) = 6n \log_2n + 2n$. Para simplificar a análise, assuma que $n > 0$ é sempre uma potência de 2. \
Com relação ao enunciado, assinale a alternativa correta."
2010-27,"Considere o problema de ordenação onde os vetores a serem ordenados, de tamanho $n > 0$, possuem $\lfloor n/2 \rfloor$ valores iguais a um número real $x$ e $\lceil n/2 \rceil$ valores iguais a um outro número real $y$. Considere que os números reais $x$ e $y$ são conhecidos e fixos, porém estão distribuídos aleatoriamente no vetor a ser ordenado. \
Neste caso, é correto afirmar:"
2010-29,"Considere o programa a seguir, desenvolvido em linguagem C.
```
#include <stdio.h>
int F1(int X, int Y) {
  if (X < Y) return X;
  else return F1(X-Y,Y);
}
int F2(int X, int Y) {
  if (X < Y) return 0;
  else return 1 + F2(X-Y,Y);
}
void F3(int X, int Y) {
  if (X < Y) printf(""%d"",X);
  else {
    F3(F2(X,Y),Y);
    printf(""%d"",F1(X,Y));
  }
}
int main() {
  int A, B;
  scanf(""%d %d"",&A, &B);
  if ((A > 0) && (A < 1000)
      && (B > 1) && (B < 10)) {
    F3(A,B);
    printf(""\n"");
  }
  return 0;
}
```
No programa apresentado, a técnica da recursividade foi aplicada às três funções `F1`, `F2` e `F3`. Essa técnica envolve a definição de uma função ou rotina que pode invocar a si própria. \
Com relação ao programa apresentado e à técnica de recursão, atribua F (falso) ou V (verdadeiro) para as afirmativas a seguir. \
( ) A chamada da função `F1`, através da expressão `F1(X,Y)`, pode ser substituída, sem alterar o resultado do programa, pela expressão `X%Y`. \
( ) O objetivo da função `F2` é retornar o valor da variável `X` elevado à `Y`-ésima potência. \
( ) A chamada à função `F3` entrará em uma recursão sem fim se o valor da variável `X` for maior que o valor da variável `Y`. \
( ) A função `main` não é recursiva, pois na Linguagem C não é possível implementar esta técnica na função principal do programa. \
( ) A expressão `((A > 0) && (A < 1000) && (B > 1) && (B < 10))`, da função `main`, pode ser substituída pela expressão `(!((A <= 0) || (A >= 1000) || (B <= 1) || (B >= 10)))`, sem afetar o resultado do comando condicional `if` nesta expressão. 

Assinale a alternativa que contém, de cima para baixo, a sequência correta."
2010-30,"O mecanismo de herança, no paradigma da programação orientada a objetos, é uma forma de reutilização de software na qual uma nova classe é criada, absorvendo membros de uma classe existente e aprimorada com capacidades novas ou modificadas.
Considere as seguintes classes descritas na linguagem C++.
```
#include <iostream>
using namespace std;
class A {
protected:
  int v;
public:
  A() { v = 0; };
  void m1() {
    v += 10;
    m2();
  };

  void m2() {
    v += 20;
  };

  int getv() {
    return v;
  };
};
class B : public A {
public:
  void m2() {
    v += 30;
  };
};
```
Se essas classes forem utilizadas a partir do programa a seguir,
```
int main()
{
  B *Obj = new B();
  Obj->m1();
  Obj->m2();
  cout << Obj->getv() << endl;
  return 0;
}
```
a saída do código computacional acima será:"
2010-32,"Considere o algoritmo a seguir.
```
PROC (n)
  se n <= 1 então
    retorna 1 + n;
  senão
    retorna PROC(n/2) + PROC(n/2);
  fim se
```
Assinale a alternativa que indica corretamente quantas comparações são feitas para uma entrada $n > 0$, onde $n$ é um número natural."
2010-34,"Considere o conjunto de operações descritas a seguir, em linguagem de transferência entre registradores.
```
F1: REM ← CP;
F2: RDM ← M[REM], CP ← CP + 1;;
F3: RI ← RDM; 
```
Dados: `REM` é o registrador de endereços da memória; `RDM` é o registrador de dados da memória; `RI` é o registrador de instruções; `CP` é o contador de programa e `M[X]` é o conteúdo de memória indicado pelo endereço `X`. 

Assinale a alternativa que indica a que fase do processamento de uma instrução em uma máquina *pipeline* corresponde o conjunto de operações descrito."
2010-38,"Um analista de sistemas foi convidado para opinar sobre por que um determinado sistema tinha desempenho ruim. Considerando que o analista observou que o sistema tinha alta taxa de acesso a disco, por demanda de entrada e saída dos processos, qual das alternativas abaixo pode explicar o baixo desempenho?"
2010-53,"Considere um objeto em 3D ancorado no seu centro de massa $p = (x_c , y_c , z_c )$. Qual a transformação necessária para rotacioná-lo em $\Theta$ graus, contra relógio, ao redor do eixo $x$, sem alterar a sua posição no espaço? Assuma que a matriz $T$ realiza translações, a matriz $R_x$ realiza rotações de $\Theta$ graus ao redor do eixo $x$, contra relógio."
2010-61,"Considere um banco de dados relacional composto pelas tabelas definidas a seguir, na linguagem SQL, em que são cadastrados alunos, disciplinas e as matrículas de alunos em disciplinas.
```
CREATE TABLE Aluno (
  RA           INTEGER NOT NULL,
  Nome         VARCHAR2(20) NOT NULL,
  Curso        INTEGER NOT NULL,
  PRIMARY KEY (RA) );
CREATE TABLE Disciplina (
  Codigo       INTEGER NOT NULL,
  Nome         VARCHAR2(20) NOT NULL,
  Departamento INTEGER NOT NULL,
  PRIMARY KEY (Codigo) );
CREATE TABLE Matricula (
  RA           INTEGER NOT NULL,
  Codigo       INTEGER NOT NULL,
  Ano          INTEGER NOT NULL,
  PRIMARY KEY (RA, Codigo),
  FOREIGN KEY (Codigo) REFERENCES Disciplina,
  FOREIGN KEY (RA) REFERENCES Aluno);
```
Considere também a consulta a seguir, expressa na linguagem SQL, em que o operador `MINUS` realiza a operação de subtração de relações.
```
SELECT Nome FROM Aluno A
WHERE NOT EXISTS ( (SELECT D.Codigo FROM Disciplina D WHERE D.Departamento = 5)
                    MINUS
                   (SELECT M.Codigo FROM Matricula M WHERE M.RA = A.RA)
                 )
      AND EXISTS (SELECT D.Codigo FROM Disciplina D WHERE D.Departamento = 5)
```
Considere, por fim, as afirmativas a seguir, sobre a consulta apresentada.

I. A consulta retorna os nomes dos alunos matriculados em todas as disciplinas do departamento 5. \
II. A consulta retorna os nomes dos alunos matriculados em, pelo menos, uma disciplina do departamento 5. \
III. A consulta retorna os nomes das disciplinas do departamento 5 nas quais todos os alunos estão matriculados. \
IV. A estrutura dessa consulta permite implementar, na linguagem SQL, a operação de divisão da Álgebra Relacional. 

Assinale a alternativa correta."
2010-65,"Considere o trecho de código C a seguir.
```
int main()
{
    int i;
    float f;
    int v[10]

    i 3;
    v[f] = 45;
    while
    {

    }
}
```
Quantos erros semânticos o código possui?"
2011-03,"Suponha que, em vez de usar a base padrão {$e_1 , e_2$} para $R^2$, onde $e_1 = [1, 0]^T$ e $e_2 = [0, 1]^T$ , deseja-se utilizar a base {$u_1 , u_2$}, com $ u_1 = [3, 2]^T$ e $u_2 = [1, 1]^T$.\
As coordenadas do vetor $x = [7, 4]^T$ em relação a $u_1$ e $u_2$ são:"
2011-05,"Em muitos problemas práticos, deseja-se encontrar a reta $ r(x) = ax + b $ que melhor se ajusta a um conjunto $\{(x_1, y_1), (x_2, y_2), \ldots, (x_n, y_n)\}$ de pontos no plano. No método dos mínimos quadrados, os coeficientes $ a $ e $ b $ da reta são determinados de modo que o erro, dado pela soma do quadrado da diferença entre $ y_i $ e $ r(x_i) $, isto é,
$$
\text{Erro}(a, b) = \sum_{i=1}^n (y_i - r(x_i))^2,
$$
seja o menor possível.

A tabela a seguir mostra o conjunto de pontos $\{(-3, -3), (-2, -2), \ldots, (2, 6), (3, 6)\}$ no plano.
$$
\begin{array}{c|c|c|c|c|c|c|c}
\hline
x & -3 & -2 & -1 & 0 & 1 & 2 & 3 \\
\hline
y & -3 & -2 & 2 & 2 & 4 & 6 & 6 \\
\hline
\end{array}
$$
A reta que melhor se ajusta aos dados apresentados nessa tabela, no sentido dos mínimos quadrados, é:"
2011-06,"O problema de determinar um vetor normal a um triângulo ou polígono é muito comum em computação gráfica. Dado o triângulo formado pelos pontos $A(1, 2, 3)$, $B(3, 2, 1)$ e $C(1, 1, 1)$, um vetor normal, $n$, a esse triângulo é dado por:"
2011-21,"Considere a seguinte variante do algoritmo quicksort para ordenação de uma lista de inteiros $x_1, \dots x_n$:

Algoritmo $QS(x_1, \dots, x_n)$ \
Entrada: $x_1, \dots, x_n \in \mathbb{Z}$ \
Saída: $x_1, \dots, x_n \in \mathbb{Z}$

1\. Se $n = 2$ e $x_1 > x_2$, permutar $x_1$ com $x_2$. \
2. Se $n \leq 2$, retornar. \
3. $i \leftarrow 2$, $j \leftarrow n$, \
4. Enquanto $i < j$, \
4.1 $\quad$ Enquanto $x_1 \geq x_i$ e $i < n + 1$, incrementar $i$. \
4.2 $\quad$ Enquanto $x_1 < x_j$, decrementar $j$. \
4.3 $\quad$ Se $i < j$, permutar $x_i$ com $x_j$. \
5. Permutar $x_1$ com $x_j$. \
6. $QS(x_1, \dots, x_{j-1})$ \
7. $QS(x_{j+1}, . . . , x_n)$

Seja $\Phi(x_1 , \dots, x_n )$ o número total de permutações de dois elementos durante a execução do algoritmo QS, inclusive durante as chamadas recursivas. Seja $\Phi_{\max}(n)$ o maior valor de $\Phi(x_1, \dots, x_n)$ para todas as listas possíveis de comprimento $n$.

Sabendo que 
$$
\Phi_{\max}(n) = \max_{1 \leq j \leq n} \Phi_{\max}(j - 1) + \Phi_{\max}(n - j ) + \min(j - 1, n - j ) + 1,
$$"
2011-22,"Considere a seguinte variante do algoritmo quicksort para ordenação de uma lista de inteiros $x_1, \dots x_n$:

Algoritmo $QS(x_1, \dots, x_n)$ \
Entrada: $x_1, \dots, x_n \in \mathbb{Z}$ \
Saída: $x_1, \dots, x_n \in \mathbb{Z}$

1\. Se $n = 2$ e $x_1 > x_2$, permutar $x_1$ com $x_2$. \
2. Se $n \leq 2$, retornar. \
3. $i \leftarrow 2$, $j \leftarrow n$, \
4. Enquanto $i < j$, \
4.1 $\quad$ Enquanto $x_1 \geq x_i$ e $i < n + 1$, incrementar $i$. \
4.2 $\quad$ Enquanto $x_1 < x_j$, decrementar $j$. \
4.3 $\quad$ Se $i < j$, permutar $x_i$ com $x_j$. \
5. Permutar $x_1$ com $x_j$. \
6. $QS(x_1, \dots, x_{j-1})$ \
7. $QS(x_{j+1}, . . . , x_n)$

Assinale a alternativa correta."
2011-28,"Um processador RISC é implementado em duas versões de organização síncrona: uma monociclo, em que cada instrução executa em exatamente um ciclo de relógio, e uma versão pipeline de 5 estágios. Os estágios da versão pipeline são: (1) busca de instrução, (2) busca de operandos, (3) execução da operação, (4) acesso à memória e (5) atualização do banco de registradores. A frequência máxima de operação das organizações foi calculada em 100 MHz para a versão monociclo e 400 MHz para a versão pipeline. Um programa X que executa 200 instruções é usado para comparar o desempenho das organizações. Das 200 instruções, apenas 40% fazem acesso à memória, enquanto as demais operam apenas sobre registradores internos da organização. Assuma que o programa não apresenta nenhum conflito de dados ou de controle entre instruções que podem estar simultaneamente dentro do pipeline da segunda organização.

Assim, o tempo de execução do programa X nas organizações monociclo e pipeline é, respectivamente:"
2011-30,"Um sistema de computador possui um mapa de memória de 4 Gbytes, usando endereçamento a byte e uma memória cache com organização de mapeamento direto. A cache tem capacidade de armazenar até 1.024 palavras de 32 bits provenientes do mapa de memória. Assuma que a cache sempre é escrita de forma atômica com quatro bytes vindos de um endereço de memória alinhado em uma fronteira de palavra de 32 bits, e que ela usa 1 bit de validade por linha de cache. \
Neste caso, as dimensões do rótulo (tag) da cache, do índice e o tamanho da cache são, respectivamente:"
2011-34,"Em linguagens orientadas a objetos, o polimorfismo refere-se à ligação tardia de uma chamada a uma ou várias implementações diferentes de um método em uma hierarquia de herança. \
Neste contexto, considere as seguintes classes descritas na Linguagem C++.
```
#include <iostream>
using namespace std;
class PosComp1 {
public:
  int Calcula()
  { return 1; };
};
class PosComp2 : public PosComp1 {
public:
  virtual int Calcula()
  { return 2; }
};
class PosComp3 : public PosComp2 {
public:
  int Calcula()
  { return 3; }
};
```
Se estas classes forem utilizadas a partir do programa a seguir 
```
int main() {
  int Result=0;
  PosComp1 *Objs[3];
  Objs[0] = new PosComp1();
  Objs[1] = new PosComp2();
  Objs[2] = new PosComp3();
  for (int i=0; i<3; i++)
    Result += Objs[i]->Calcula();
  cout << Result << endl;
  return 0;
}
```
a saída desse programa será:"
2011-37,"Em programas que utilizam grande quantidade de memória, a alocação deste recurso deve ser realizada com muito cuidado. Em algumas circunstâncias, o uso da memória pode ser otimizado com a utilização de registros variantes. Em linguagens como C, o registro variante é construído através de uma união disjuntiva.

Analise a declaração de tipo em C++, a seguir.
```
union PosCompType {
  char A[2];
  struct {
    char B;
    char C;
  };
};
```
Considere o código a seguir, que utiliza esse tipo.
```
int main() {
  PosCompType Dado;
  Dado.A[0] = ’a’;
  Dado.A[1] = ’b’;
  Dado.B = ’c’;
  Dado.C = ’d’;
  printf (""%c %c %c %c\n"", Dado.A[0],Dado.A[1],Dado.B,Dado.C);
  return 0;
}
```
A saída do código será:"
2011-39,"Considere a função desenvolvida na Linguagem C, a seguir.
```
char *Teste (char *s1, const char *s2)
{
  char *aux=s1;
  while (*s1) s1++;
  for (;(*s1 = *s2)!=’\0’;s1++,s2++);
  return aux;
}
```
O seu objetivo é:"
2011-42,"Ao medir o desempenho de um certo sistema, verificou-se que este passava muito tempo com a CPU ociosa e tinha um alto volume de acessos a disco. 

Assinale a alternativa que apresenta a solução traduzida na melhoria de desempenho desse sistema."
2011-43,"Um usuário digitou o valor 4 na entrada padrão, ao executar o programa em linguagem C++, a seguir.
```
#include <iostream>
using namespace std;
struct N {
  int A; int B;
  N *L;
};
int main()
{
  N *A, *B, *C;
  int n;
  cin >> n;
  for (int i=0; i<n; i++)
  if (!i) {
    C = new N;
    C->A = i;
    C->B = i+1;
    C->L = new N;
    C->L->A = i+1;
    C->L->B = i+1;
    C->L->L = NULL;
  } else {
    A = C;
    B = A->L;
    while (B) {
      if (A->B + B->B <= i) {
        A->L = new N;
        A->L->A = A->A + B->A;
        A->L->B = A->B + B->B;
        A->L->L = B;
      }end while
      A = B;
      B = B->L;
    }
  }
  A = C;
  while (A) {
    cout << A->A << ""/"" << A->B << "" "";
    A = A->L;
  }
}
```
O resultado obtido foi:"
2011-48,"Observe a função recursiva a seguir, desenvolvida na linguagem Pascal.
```
function Prova (N : integer) : integer;
begin
  if N = 0 then Prova := 0
  else Prova := N * 2 - 1 + Prova (N - 1);
end;
```
Considerando-se que essa função sempre será chamada com variável `N` contendo inteiros positivos, o seu valor de retorno será:"
2011-51,"Considere a relação a seguir, definida na linguagem SQL padrão.
```
CREATE TABLE EMPREGADO
(     CODIGO NUMBER(4) PRIMARY KEY,
      NOME VARCHAR2(10),
      SALARIO NUMBER(7,2)
)
```
Considere também as consultas (C1, C2, C3 e C4) a seguir, expressas na linguagem SQL. \
**C1:**
```
select NOME from EMPREGADO
where CODIGO in ((select CODIGO from EMPREGADO)
                  minus
                 (select E1.CODIGO from EMPREGADO E1, EMPREGADO E2
                  where E1.SALARIO < E2.SALARIO)
                 )
```
Obs: o operador minus realiza a operação de subtração entre relações. \
**C2:**
```
select NOME from EMPREGADO
where SALARIO = (select max(SALARIO) from EMPREGADO)
```
**C3:**
```
Select NOME from EMPREGADO
where SALARIO >= all (select SALARIO from EMPREGADO)
```
**C4:**
```
select NOME from EMPREGADO
where CODIGO in ( select E1.CODIGO from EMPREGADO E1, EMPREGADO E2
                  where E1.SALARIO > E2.SALARIO
                )
```
Com relação às consultas, assinale a alternativa correta."
2011-53,"Considere, a seguir, as escalas S1 e S2, de execução de transações (T).

**S1**
| T1         | T2         |
|------------|------------|
| Read (A)   |            |
| Write (A)  |            |
|            | Read (A)   |
|            | Write (A)  |
| Read (B)   |            |
| Write (B)  |            |
|            | Read (B)   |
|            | Write (B)  |

**S2**
| T1         | T2         | T3         |
|------------|------------|------------|
| Read (A)   |            |            |
|            | Write (A)  |            |
| Write (A)  |            |         
|            |            | Write (A)  |

Com base nessas informações, considere as afirmativas a seguir.

I. S2 é serializável no conflito.\
II. S1 é serializável no conflito.\
III. S1 é serializável na visão.\
IV. S2 é serializável na visão.

Assinale a alternativa correta."
2011-59,"Considere o algoritmo A* (A Estrela / A Star ) usado para a busca de uma trajetória (*pathfinding*), sendo aplicado sobre um mapa do tipo grade de ocupação, com custos de passagem associados a cada uma das células da grade e com a seguinte configuração de nodos listados no conjunto em aberto (*open-set*):
```
Nodo 1: g(1)=19; h(1)=6; L=6;  C=8
Nodo 2: g(2)=18; h(2)=4; L=7;  C=9
Nodo 3: g(3)=13; h(3)=5; L=5;  C=10
Nodo 4: g(4)=16; h(4)=3; L=9;  C=8
Nodo 5: g(5)=16; h(5)=3; L=10; C=7
```

onde “L” e “C” são a linha e coluna do respectivo nodo dentro da grade de ocupação.
A posição alvo a ser alcançada dentro da trajetória deste exemplo é definida pela linha e coluna L_Alvo=10 e C_Alvo=10, ou seja, a coordenada (10,10). “g(n)” representa o custo (gasto) do caminho percorrido e “h(n)” representa a estimativa heurística de custo até o alvo da célula em questão, sendo que “n” representa o número do nodo que identifica as células, e esta célula ocupa uma determinada posição (L,C) dentro da grade. 

Qual dos seguintes nodos será selecionado do conjunto em aberto como sendo o próximo nodo a ser avaliado, depois removido do conjunto de nodos em aberto (*open-set*) e colocado na lista de nodos já visitados (*closed-set*)?"
2012-21,"O algoritmo $ALGSORT$ ordena vetores de números inteiros distintos usando apenas comparações. Nesse algoritmo, a função $menor(V, i, j)$ retorna o índice $l$, tal que $V [l]$ é o menor número no vetor $V [i..j]$. O custo de tempo de pior caso de $menor(V, i, j)$ é igual a $j - i$ comparações. De forma similar, a função $maior(V, i, j)$ retorna um índice $g$, tal que $V [g]$ é o maior número no vetor $V [i..j]$, também com custo de execução de $j - i$ comparações no pior caso. Para ordenar o vetor $X[1..n]$, $ALGSORT(V, i, j)$ é chamado com os parâmetros, $V = X$, $i = 1$ e $j = n$.

```
ALGSORT (V,i,j);
(1) Se j-i=0 então retorne;
(2) Se j-i=1 então
       Se V[j] < V[i] então
           Troque(V[j],V[i]);
       Fim;
       retorne;
   Fim;
(3) l = menor(V,i,j);
(4) Troque(V[i],V[l]);
(5) g = maior(V,i,j);
(6) Troque(V[j],V[g]);
(7) ALGSORT (V,i+1,j-1);
```

A função que caracteriza o custo de tempo de pior caso, $T (n)$, para a chamada $ALGSORT (X, 1, n)$ é dada por:"
2012-22,"O algoritmo $ALGSORT$ ordena vetores de números inteiros distintos usando apenas comparações. Nesse algoritmo, a função $menor(V, i, j)$ retorna o índice $l$, tal que $V [l]$ é o menor número no vetor $V [i..j]$. O custo de tempo de pior caso de $menor(V, i, j)$ é igual a $j - i$ comparações. De forma similar, a função $maior(V, i, j)$ retorna um índice $g$, tal que $V [g]$ é o maior número no vetor $V [i..j]$, também com custo de execução de $j - i$ comparações no pior caso. Para ordenar o vetor $X[1..n]$, $ALGSORT(V, i, j)$ é chamado com os parâmetros, $V = X$, $i = 1$ e $j = n$.

```
ALGSORT (V,i,j);
(1) Se j-i=0 então retorne;
(2) Se j-i=1 então
       Se V[j] < V[i] então
           Troque(V[j],V[i]);
       Fim;
       retorne;
   Fim;
(3) l = menor(V,i,j);
(4) Troque(V[i],V[l]);
(5) g = maior(V,i,j);
(6) Troque(V[j],V[g]);
(7) ALGSORT (V,i+1,j-1);
```

Com relação ao projeto do algoritmo $ALGSORT$, assinale a alternativa correta."
2012-27,"Devido ao volume de informações produzido atualmente e, principalmente, à necessidade de proteger várias dessas informações, técnicas de criptografia têm sido desenvolvidas ou aprimoradas. Uma abordagem criptográfica bastante simples é aquela que consiste na substituição de determinados símbolos por outros. O programa, a seguir, desenvolvido na linguagem C, possui uma função que realiza a criptografia de uma determinada cadeia de caracteres (string), referenciada através de um ponteiro de `char`.

```
#include <stdio.h>
void Cripto (char *inout, int i) {
  char *sibl, c;
  while (*inout) {
    sibl = inout+1;
    if (!sibl)
      break;
    if (*inout >= ’A’ && *inout <= ’Z’)
      *inout += i;
    c = *sibl;
    *sibl = *inout;
    *inout = c;
    inout = sibl+1;
  }
}
```

```
int main() {
  char str[30];
  int i;
  scanf(""%s %d"", str, &i);
  Cripto(str, i);
  printf(""%s\n"", str);
  return 0;
}
```
Assinale a alternativa que apresenta, corretamente, o resultado desse programa quando ele for executado com a entrada a seguir.
```
PosCOMP2012x 3
```"
2012-28,"Nas linguagens de programação, uma questão importante é o escopo das declarações. Por exemplo, o escopo de uma declaração de `x` é a região do programa em que os usos de `x` se referem a essa declaração. Nesse sentido, a ligação de um nome a um escopo pode ser estática ou dinâmica. No programa C, a seguir, o identificador `x` é uma macro composta pela expressão `++y`. Por ser uma macro, a resolução de `x` não é realizada somente em termos do texto do programa.
```
#include<stdio.h>
#define x ++y int y = 2;
void M() { int y = 1; printf (""%d "", x); }
void N() { printf(""%d "", x); }
int main() {
  M();
  N();
  return 0;
}
```
Com base nessa execução, assinale a alternativa que apresenta, corretamente, a saída desse programa."
2012-29,"Um ponteiro é um elemento que proporciona maior controle sobre a memória do computador, principalmente por ser utilizado em conjunto com mecanismos de alocação dinâmica de memória. Dessa forma, o domínio sobre este tipo de dado é muito importante. O código, a seguir, foi escrito na linguagem C++ e trabalha com ponteiros e estruturas dinâmicas.
```
#include <iostream>
using namespace std;
struct No {
  int Dado; No* Prox;
};
int main()
{
  No *L, *i; int n;
  cin >> n;
  if (n == 0) L = NULL;
  else {
    L = new No;
    L->Dado = n--;
    L->Prox = NULL;
    for ( ; n > 0 ; ) {
      i = new No;
      i->Dado = n--;
      i->Prox = L;
      L = i;
    }
  }
  while (L != NULL) {
    cout << L->Dado << "" "";
    L = L->Prox;
  }
  return 0;
}
```
Se, durante a execução desse código, a variável `n` receber o valor 6, a saída do programa será:"
2012-31,"Um tipo especial de sub-rotina é aquela que contém, em sua descrição, uma ou mais chamadas a si mesma. Uma rotina dessa natureza é denominada recursiva. A função recursiva, a seguir, foi desenvolvida na *Linguagem C*.
```
int PosComp (int num, int f) {
  int aux1, aux2;
  if (num < f)
    return PosComp (num, f / 10);
  if (num) {
    aux1 = num / f;
    num = num % f;
    f = f / 10;
    aux2 = PosComp (num, f);
    return aux2 * 10 + aux1;
  }
  else return num;
}
```
Se for realizada uma chamada dessa função com o comando \
`printf (""%d\n"",PosComp(12345,10000));` \
o resultado apresentado no dispositivo de saída será:"
2012-32,"Em linguagens de programação declarativas, em especial aquelas que seguem o paradigma funcional, a lista é uma estrutura de dados fundamental. Uma lista representa coleções de objetos de um único tipo, sendo composta por dois elementos: a cabeça (*head*) e o corpo (*tail*), exceto quando está vazia. A cabeça é sempre o primeiro elemento e o corpo é uma lista com os elementos da lista original, excetuando-se o primeiro elemento. O programa Haskell, a seguir, apresenta uma função que utiliza essa estrutura de dados.
```
  poscomp :: [Int] -> [Int]
  poscomp [] = []
  poscomp [x] = [x]
  poscomp (a:b:c) | a > b = b : (a : poscomp c)
                  | otherwise = a : (b : poscomp c)
```
Uma chamada a esta função através da consulta
```
poscomp [5,3,4,5,2,1,2,3,4]
```
produzirá o resultado:"
2012-49,"O gerenciamento de memória virtual (MV) pressupõe a existência de tabelas de páginas e mecanismos para ranqueamento de páginas, além da existência do princípio da localidade.

Considerando que o algoritmo de MV, utilizado em um dado sistema, permite que as páginas envolvidas na operação de *swapping* sejam de conjuntos residentes diferentes, assinale a alternativa que apresenta, corretamente, o impacto disso sobre os processos em execução."
2012-50,"O projetista de um sistema operacional percebeu, após medições de desempenho, que o sistema apresentava problemas no acesso ao disco, com um tempo de espera médio bastante elevado.

Assinale a alternativa que apresenta, correta e respectivamente, uma causa plausível e sua solução."
2012-53,"Considere as tabelas, a seguir, criadas em um banco de dados relacional através da linguagem SQL.

```
CREATE TABLE Empregado
( ecod int PRIMARY KEY,
  nome varchar (32),
  salario number (7,2),
  dcod int FOREIGN KEY REFERENCES Departamento (dcod));
CREATE TABLE Departamento
( dcod int PRIMARY KEY,
  dnome varchar (12),
  chefe int FOREIGN KEY REFERENCES Empregado (ecod));
```

Sejam as consultas (C1, C2 e C3) também em SQL, a seguir.
```
C1. SELECT nome, salario FROM Empregado E, Departamento D
      WHERE E.dcod = D.dcod AND E.ecod = D.chefe;
C2. SELECT nome, salario FROM Empregado as E INNER JOIN Departamento as D
      ON E.dcod=D.dcod WHERE E.ecod = D.chefe;
C3. SELECT nome, salario FROM E.ecod = D.chefe;
```
Com relação às consultas, assinale a alternativa correta."
2012-55,"Suponha uma cena tridimensional composta apenas por duas esferas contidas no volume de visualização. Uma dessas esferas está completamente encoberta pela outra em relação à visão da câmera virtual que utiliza projeção paralela. 

Com base no enunciado e nos conhecimentos sobre o tema, assinale a alternativa correta."
2012-65,"Considere a gramática das expressões a seguir.

$$
\begin{align*}
& S \to E \$ \\
& E \to E + T \\
& E \to T \\
& T \to T * F \\
& T \to F \\
& F \to id \\
& F \to (E)
\end{align*}
$$

Sobre essa gramática, considere as afirmativas a seguir.

I. A gramática é LL(1). \
II. O operador $+$ possui uma precedência maior que o operador $*$. \
III. Não é possível construir um analisador descendente recursivo para a gramática. \
IV. Os terminais $$+ \, * \, ) \, \$ $$ pertencem ao conjunto FOLLOW de $F$. 

Assinale a alternativa correta."
2013-01,"Um determinado serviço pode ser realizado por dois programas distintos, $P_1$ e $P_2$, utilizando algoritmos diferentes. O usuário fornece aos programas um número natural $n \geq 1$ e os programas fornecem uma resposta. O tempo que o programa $P_1$ demora para responder é dado pela fórmula $T_1(n) = n^4$. Já o tempo de resposta do programa $P_2$ é calculado por $T_2(n) = 2^{n-1}$.

Em relação aos programas $P_1$ e $P_2$, assinale a alternativa correta:"
2013-30,"Considere o trecho de código em linguagem de programação C a seguir.
```
main()
  {
    int myCount = 0;
    while (myCount < 10)
    {
      printf(""%d"",myCount+1);
    }
    system(""pause"");
}
```
Assinale a alternativa que apresenta, corretamente, o que esse trecho de código fará ao ser executado."
2013-32,"Analise os trechos de código em linguagem de programação C a seguir.

**Trecho 1**
```
main()
{
  int mat[2][2] = {{1,2},{3,4}};
  int i,j;
  for (i=0;i<2;i++)
    for (j=0;j<2;j++)
    printf(""%d\n"",mat[i][j]);
  system(""pause"");
}
```

**Trecho 2**
```
main()
{
  int mat[2][2] = {{1,2},{3,4}};
  int *p = &mat[0][0];
  int i;
  for (i=0;i<4;i++)
    printf(""%d\n"",*(p+i));
  system(""pause"");
}
```
Com base nesses trechos, assinale a alternativa correta."
2013-49,"Um analista de suporte percebeu que o servidor de arquivos da empresa apresentava lentidão em determinados períodos do dia.

Assinale a alternativa que apresenta, correta e respectivamente, uma causa plausível e sua solução ótima."
2013-51,"Uma empresa de auditoria foi contratada para analisar o banco de dados do SUS (Sistema Único de Saúde). A primeira tarefa é encontrar os pares de médicos cadastrados que possuem o mesmo nome (homônimos) e números diferentes no CRM (Conselho Regional de Medicina) para verificar possíveis fraudes. Considere que a tabela que armazena os médicos possui o cadastro no CRM como chave primária e as seguintes colunas: nome, endereço, telefone, especialidade, datadeingresso. 

Assinale a alternativa que apresenta, corretamente, a consulta em SQL que busca os resultados ordenados pelo nome dos médicos."
2013-70,"Considere a gramática a seguir.
$$
\begin{align*}
& A \to a \\
& A \to C B A \\
& B \to \\
& B \to b \\
& C \to B \\
& C \to c
\end{align*}
$$
Sobre essa gramática, assinale a alternativa correta."
2014-03,"Acerca da posição relativa das retas $r$ e $s$ no espaço $\mathbb{R}^3$, com vetores diretores $\vec{r} = (1, 2, 3)$ e $\vec{s} = (0, 2, 3)$ passando, respectivamente, pelos pontos $(0, 0, 3)$ e $(1, 2, 0)$, assinale a alternativa correta."
2014-11,"Considere a expressão condicional de um trecho de código Pascal dado a seguir.
```
if (B or (A and not (A and B))) then
    F:= 0
else
    F:= 1;
```

Assinale a alternativa que apresenta, corretamente, a forma mais simples do termo antecedente da expressão condicional."
2014-21,"Considere o pseudocódigo a seguir.

```
    HUFFMAN(C)
(1) n = |C|
(2) Q = C
(3) for i=1 to n-1
(4)    alocar um novo nó z
(5)    z.esquerda = x = EXTRAIR_MIN(Q)
(6)    z.direita = y = EXTRAIR_MIN(Q)
(7)    z.freq = x.freq + y.freq
(8)    INSERIR(Q, z)
(9) return EXTRAIR_MIN(Q) //retorna a raiz da árvore
```

Sobre o pseudocódigo, é correto afirmar que é um algoritmo"
2014-22,"Considere o pseudocódigo a seguir.

```
    HUFFMAN(C)
(1) n = |C|
(2) Q = C
(3) for i=1 to n-1
(4)    alocar um novo nó z
(5)    z.esquerda = x = EXTRAIR_MIN(Q)
(6)    z.direita = y = EXTRAIR_MIN(Q)
(7)    z.freq = x.freq + y.freq
(8)    INSERIR(Q, z)
(9) return EXTRAIR_MIN(Q) //retorna a raiz da árvore
```
Sobre o comportamento assintótico desse pseudocódigo, é correto afirmar que sua complexidade é"
2014-30,"Considere o algoritmo a seguir.
```
Algoritmo
    declare valor, i, x, D, N, j, termo numérico;
    valor ← 1;
    i ← 2;
    x ← 2
    repita
        N ← x^i;
        j ← 1;
        D ← 2;
        repita
            D ← D * j;
            j ← j + 1;
            se j >= i então
                interrompa;
            fim_se
        fim_repita
        termo ← (-1)^(i+1) * N/D;
        valor ← valor + termo;
        i ← i + 1;
        se i > 5 então
            interrompa;
        fim_se
    fim_repita
    escreva “Valor =”, valor;
Fim Algoritmo.
```

Assinale a alternativa que apresenta, corretamente, o conteúdo da variável “valor” ao final da execução do algoritmo."
2014-33,"Considere o algoritmo, apresentado na forma de uma pseudolinguagem (Português Estruturado), a seguir. As variáveis N e Y devem assumir valores positivos.
```
Algoritmo
    declare N, X, Y, i numérico;
    leia N;
    leia Y;
    i ← 1;
    X ← Y / 2;
    repita
        X ← (X^2 + Y) / (2 * X);
        i ← i + 1;
        se i > N então
            interrompa;
        fim se
    fim repita
    escreva “X =”, X;
Fim Algoritmo.
```

Assinale a alternativa que apresenta, corretamente, a relação existente entre os valores das variáveis X e Y."
2014-38,"Considere o trecho de algoritmo, apresentado na forma de uma pseudolinguagem (Português Estruturado), a seguir. Assuma que no comando “`leia A, B, C, D;`” os valores lidos são, respectivamente, 12, 25, 96 e 15 e a função `RESTO (x,y)` apresenta o resto da divisão de `x` por `y`.
```
leia A, B, C, D;
resp ← 1;
i ← 2;
repita
    se (RESTO(A, i) = 0 ou RESTO(B, i) = 0 ou RESTO(C, i) = 0 ou RESTO(D, i) = 0) então
        resp ← resp * i;
        se (RESTO(A, i) = 0) então
            A ← A / i;
        fim se
        se (RESTO(B, i) = 0) então
            B ← B / i;
        fim se
        se (RESTO(C, i) = 0) então
            C ← C / i;
        fim se
        se (RESTO(D, i) = 0) então
            D ← D / i;
        fim se
    senão
        i ← i + 1;
    fim se

    se (A = 1 e B = 1 e C = 1 e D = 1) então
        interrompa;
    fim se
 fim repita
 escreva “Resposta =”, resp;
fim repita
```

Assinale a alternativa que apresenta, corretamente, o conteúdo da variável `resp`, impresso no comando “`escreva “Resposta =”, resp;`”."
2014-70,"Considere o trecho de código a seguir.
```
a := 0
b := a + 1
c := c + b
a := b * 2
```

Assinale a alternativa que apresenta, corretamente, as variáveis que estarão vivas no início do trecho desse código."
2015-04,"Considere a reta r, no espaço tridimensional, de equações paramétricas $x =1+ 3t$ , $y=-2+ 4t$ e $z =1-3t$, $ t \in\mathbb{R}$. O plano que é perpendicular à reta $r$ e passa pelo ponto $P(1, 2, 3)$ intersecta o plano $xOy$ segundo a seguinte reta:"
2015-26,"Analise o seguinte programa descrito na forma de pseudocódigo:

```
1. algoritmo
2. declare X[10], n, i, aux, flag numérico
3. para i ← 1 até 10 faça
4. leia X[i]
5. n ← 1
6. flag ← 1
7. enquanto (n \leq 10 E flag = 1) faça
8. inicio
9. flag ← 0
10. para i ← 1 até 9 faça
11. inicio
12. se (X[i] < X[i+1]) então
13. inicio
14. flag ← 1
15. aux ← X[i]
16. X[i] ← X[i+1]
17. X[i+1] ← aux
18. fim_se
19. fim_para
20. n ← n + 1
21. fim_enquanto
22. para i ← 1 até 10 faça
23. escreva X[i]
24. fim_algoritmo
```
Esse programa realiza a ordenação decrescente de um vetor de números inteiros, que implementa o algoritmo de"
2015-28,"Considere o seguinte código desenvolvido em Java.
```
public class Animal {
    int numeroPatas;
    public void fale (){};
}
public class Cao extends Animal {
    public void fale() {
       System.out.println (""au au"");
    }
}

public class Gato extends Animal {
    public void fale() {
        System.out.println (""miau"");
    }
}

public class GatoPersa extends Gato {
    public void fale() {
        System.out.println (""miauuuu"");
    }
}

public class Tigre extends Gato {
    public void fale() {
        super.fale();
        System.out.println (""rrrrrr"");
    }
}

public class Principal {
    public static void main(String[] args) {
        Gato gato = new GatoPersa();
        gato.fale();
        Cao cao = new Cao();
        cao.fale();
        Tigre tigre = new Tigre();
        tigre.fale();
    }
}
```
Ao executar o código, a saída impressa no console é:"
2015-30,"Considere o seguinte código em linguagem C.
```
int y = 12, z = -4, w = 0, x;
for (x = 0; x<9; x=x+3)
{
    while (w<3){
       y = z + w++;
    }
    if (x % 2 == 0)
      y = z + x;
    else
      y++;
    z++;
    printf (""x:%d y:%d z:%d \n"", x, y, z);
}
```
Ao executar o código, qual é a saída impressa na tela?"
2015-31,"Considere o código em linguagem C a seguir.
```
void funcao (float n) { }
main() {
long numero;
funcao (numero);
}
```
No referido código, a conversão implícita de tipos é um polimorfismo chamado"
2015-41,"Considere uma linguagem $ L $ e as classes de problemas $ \text{IP} $, $ \text{NP} $ e $ \text{coNP} $, esta última definida como $\text{coNP} = \{ L \in \text{NP} \mid \overline{L} \in \text{NP} \}$. A sequência de implicações lógicas a seguir corresponde a uma tentativa de prova do teorema 
""se $ L \in \text{IP} $ então $ L \in \text{coNP} $"":
$$
\begin{align*}
& L \in \text{IP} \underset{\text{I}}{\Rightarrow} \overline{L} \in \text{IP} \underset{\text{II}}{\Rightarrow} \overline{L} \in \text{INP} \\
& L \in \text{IP} \underset{\text{III}}{\Rightarrow} L \in \text{INP} \\
& L \in \text{INP} \text{ e } \overline{L} \in \text{INP} \underset{\text{IV}}{\Rightarrow} L \in \text{coNP}
\end{align*}
$$"
2015-45,"Em um sistema operacional multitarefa, três processos compartilham dois recursos. Cada um destes processos possui, no mínimo,"
2015-46,"Considere um cenário de um sistema operacional que implementa um sistema de arquivos com método de alocação de espaço em disco baseado na alocação encadeada, a exemplo do popular sistema de arquivos FAT ( file allocation table). Em um disco rígido com tamanho de setor igual a 512 bytes, criou-se uma partição e a formatou com esse sistema de arquivos usando 2048 bytes para o tamanho de blocos (clusters). Durante a escrita de dados em diferentes arquivos nessa partição, foi criado o arquivo ARQ.DAT que, após ter todos os seus dados armazenados, totalizou 1024 bytes de tamanho. Nesse cenário, o arquivo ARQ.DAT"
2015-49,"Analise o trecho de código em linguagem C a seguir.
```
A[12] = h + a[8]
```
Em linguagem MIPS, qual é o código de montagem correspondente?"
2015-50,"Um sistema operacional utiliza o algoritmo Buddy system em seu alocador de memória no espaço do usuário. Este alocador se inicia com um bloco de memória livre de 1024 bytes e utiliza um mapa de bits para controlar a quantidade e a posição da memória alocada. Cada bit no mapa representa uma unidade de alocação de 64 bytes. Neste cenário, considere que um processo, logo após ser criado, execute a seguinte sequência de operações:
```
ptr1=malloc(64);
ptr2=malloc(192);
ptr4=malloc(64);
free(ptr2);
free(ptr4);
ptr2=malloc(193);
```
Após a execução com sucesso da sequência de operações listadas, a configuração do mapa de bits é:"
2015-51,"Considere o esquema de banco de dados relacional para uma clínica médica, em que as chaves primárias estão sublinhadas: PACIENTE (CPF, Nome, Sexo, DataDeNascimento); MEDICO (CRM, Nome, Sexo); CONSULTA (CPF, DataHora, CRM, Sala); MEDICAMENTO (Codigo, Nome, PrincipioAtivo); e PRESCRICAO (CPF, DataHora, Codigo, Posologia). Os atributos CPF em CONSULTA, CRM em CONSULTA, (CPF, DataHora) em PRESCRICAO e Codigo em PRESCRICAO são chaves estrangeiras que referenciam, respectivamente, PACIENTE, MEDICO, CONSULTA e MEDICAMENTO. A expressão SQL pertinente à consulta “qual o nome dos medicamentos prescritos mais de uma vez, por um particular médico para um mesmo paciente, restrito às consultas em que médico e paciente possuem o mesmo nome?” é:"
2015-52,"Deadlock ocorre quando cada transação, em um conjunto de duas ou mais transações, está em estado de espera por algum item de dado, que está bloqueado por alguma outra transação no conjunto. Considere o seguinte cenário: há duas transações, T1 e T2, em que T1 está bloqueando o item de dado X e T2 necessita bloquear X. Um protocolo de tratamento de deadlock possui as seguintes características: é um protocolo de prevenção de deadlock; a decisão por qual transação abortar não considera o timestamp de T1 e T2; se T1 já estiver em estado de espera no momento em que T2 precisou bloquear X, T2 será abortada, caso contrário T2 entrará em estado de espera. Esse protocolo é denominado"
2016-01,"Uma empresa de logística e transporte rodoviário tem três tipos de caminhões (tipo 1, tipo 2 e tipo 3), sendo que cada caminhão tem capacidade para transportar equipamentos com 3 diferentes dimensões, conforme o número de unidades correspondente, de acordo com o que está descrito na tabela abaixo:
```

| Caminhão       | Dimensão A | Dimensão B | Dimensão C |
|----------------|------------|------------|------------|
|Caminhão tipo 1 |     1      |     0      |     1      |
|Caminhão tipo 2 |     2      |     2      |     1      |
|Caminhão tipo 3 |     1      |     1      |     2      |

```
A quantidade de caminhões carregados com a sua capacidade máxima que deve ser usada para transportar, respectivamente, 23 equipamentos com a dimensão A, 18 equipamentos com a dimensão B e 20 equipamentos com a dimensão C é:"
2016-30,"Assinale a alternativa que corresponde à saída do programa a seguir:
```

int i, x = 4, w = 9, q;
for (i = -1; i < 20; i+= 3){
   x++;
   for (q = 4; q < 11; q++){
       do {
           i += 3;
           w = sizeof(i);
           i = x + w;
           x = w + i;
       } while (x < 15);
    }
}
printf(""x: %d, i : %d"", x, i); 

```"
2016-38,"Assinale a alternativa correta a respeito do algoritmo em Java a seguir.

```

Set<Integer> numeros = new TreeSet<Integer>();
Random rand = new Random();
while (numeros.size() < 20){
    numeros.add(rand.nextInt(101));
}
System.out.println(""Números: "" + numeros);

```"
2016-41,"Considere a linguagem 
$$L = \{ ww \mid w \in \{a,b\}^+ \}
$$
sobre a construção e a eficiência de algoritmos para aceitar L sobre uma máquina de Turing padrão e assinale a alternativa correta."
2016-46,"Em um sistema computacional multiprocessado, onde o sistema operacional realiza escalonamento de tarefas do tipo preemptivo, três processos (P1, P2 e P3) compartilham recursos (R1, R2 e R3). Os processos P1 e P2 concorrem entre si ao acesso do recurso R1, enquanto P2 e P3 concorrem entre si ao acesso dos recursos R2 e R3. Os recursos R1 e R3 são preemptíveis, ou seja, podem sofrer preempção; R2 é um recurso não preemptível. Todos os três processos usam o mesmo mecanismo de exclusão mútua para garantir acesso exclusivo em suas seções críticas. Com base nesse cenário, é correto afirmar que:"
2016-50,"Um VSNT (Veículo Submarino Não Tripulado) é usado para monitoramento de plataformas de petróleo marítimas. O VSNT tira uma foto a cada 1 minuto. O tamanho de cada arquivo de foto é padronizado em 5 kB. As fotos são armazenadas em uma partição do disco rígido do VSNT, a qual é formatada com sistema de arquivos FAT32 e tamanho de bloco (cluster) de 4 kB. O tempo de missão do VSNT é de uma hora. Após o término de cada missão, as fotos são copiadas do VSNT para um computador, que utiliza uma partição FAT32 formatada com clusters de 8 kB. Com base nesse cenário, o espaço necessário no computador para armazenar todos os arquivos do VSNT em uma missão é de:\
**kB: kilobyte**\
**1 kB = 1024 bytes**"
2016-52,"Considere um banco de dados para apoiar a correção das provas do POSCOMP. Sabe-se que há as relações CANDIDATO, QUESTAO e RESPOSTA. O atributo X da relação QUESTAO é uma chave estrangeira. Com base apenas nessas informações, analise as assertivas abaixo sobre a definição de restrições para essa chave estrangeira:\
I. Pode ter valores repetidos nas tuplas de QUESTAO.\
II. Pode ter valor nulo em algumas das tuplas de QUESTAO.\
III. Pode referenciar, ao mesmo tempo, as relações CANDIDATO e RESPOSTA.\
IV. Pode referenciar outra chave estrangeira.
- V. Pode ter valor não nulo distinto de todos os valores presentes na chave primária da relação que referencia. 

Quais estão corretas?"
2016-53,"A Empresa XYZ trabalha com reuso de software. Em um projeto de software, denominado PROJETO A, a Empresa XYZ irá implementar um componente para verificar se a leitura de uma determinada resposta está dentro da escala Likert. A referida escala classifica algo em um intervalo fechado de 1 a 5. Esse componente será utilizado em todos os softwares, sempre para validar as respostas das questões que utilizem a referida escala. Dentro desse contexto, podemos dizer que a atividade de teste é de fundamental importância. A célula de teste da Empresa XYZ utilizou o critério de análise de valor limite para efetuar os testes desse componente. A célula de teste fracionou o critério em três classes. A partir da definição das classes, os dados para efetuar os testes foram gerados. Abaixo, é possível encontrar cinco conjuntos de dados de testes. Selecione o conjunto de dados que expressa a utilização do critério de análise de valor limite, critério esse estabelecido pela célula de teste da Empreza XYZ."
2017-20,"Deseja-se preparar um recipiente com 100g de um produto extremamente caro, sendo necessário minimizar o erro na hora da pesagem. Para isso, se dispõe de uma balança que possui erro de medição, \sigma, dependente da quantidade pesada (\mu), da forma $\sigma = 0,1\mu$. Com qual dos seguintes métodos se obtém maior precisão na pesagem?"
2017-21,"Suponha que, ao invés de dividir em duas partes, foi criada uma versão do merge- sort que divida a entrada em quatro partes, ordene cada quarta-parte, e, finalmente, combine essas quatro partes usando um procedimento O(n). A equação de recorrência que descreve o tempo de execução desse algoritmo é:"
2017-27,"A saída do trecho de código em C abaixo é:
```
   int i = 0, j = -9, k = 7, cont;

    for (cont = 4; cont < 11; cont++) {
        i = cont + 5;
        while (k > 0) {
            k = k - 1;
            j = k + j / 2;
        }
    }

    printf(""i: %d j: %d k: %d "", i, j, k);
```"
2017-41,"Considere dois problemas de decisão PA e PB, sendo PA indecidível e PB decidível. Observe também dois problemas de decisão PC e PD, cuja decidibilidade é desconhecida. Suponha que seja possível construir de forma correta as seguintes reduções: \
- de PA para PC. 
- de PD para PA.
- de PD para PB. 

Com base no cenário descrito, assinale a alternativa correta."
2017-44,"Considere que um processador tenha 16 bits de endereçamento de byte. Sua cache possui mapeamento direto com uma capacidade de 128 palavras e blocos de 8 palavras. O endereço se divide em campos para acesso à cache de acordo com a seguinte representação:
```
| Nome                         | Símbolo |
|------------------------------|---------|
| Etiqueta                     | i       |
| Índice                       | ii      |
| Palavra dentro do bloco      | iii     |
| Byte dentro da palavra       | iv      |
```

O número de bits de cada um dos campos acima, ou seja, os valores de i, ii, iii e iv são, respectivamente:"
2017-45,"Em um computador com tamanho de quadro de memória de 1024 bytes, o sistema operacional aloca 1 página de memória virtual para armazenar a matriz M do código da Figura 1(linguagem C). A execução desse código resultará em quantas faltas de páginas (page faults)?
```
Figura 1 

char M[512][102 4];
for (j=0; j<1024; j++)
   for (i=0; i<1024; i++)
```"
2017-49,"Considere o seguinte trecho de programa em linguagem Assembly do MIPS:
```

          .data 0x10010000 #segmento de dados palavra1: .word 13
palavra2: .word 0x15

```
Em hexadecimal, os valores da palavra1 e palavra2 são, respectivamente:"
2017-50,"Analise o código a seguir:
```
...
void thread ( void *ptr ){ while(1); }

int main(){
   int i; pthread_t tid[10];
   for(i=0;i<10;i++)
       pthread_create (&tid[i], NULL, (void *) thread, NULL);
   getchar();
}
```
Ao executar esse programa, o processo criado possuirá quantos fluxos de execução (threads) no instante em que finalizar o laço for(;;)?"
2017-55,"Em consultas escritas em SQL, quando há pelo menos um NULL no predicado da cláusula WHERE, o resultado da avaliação é “desconhecido” (exceto quando são explicitamente empregados IS NULL ou IS NOT NULL); por exemplo, o resultado da avaliação de 3+NULL>7 é “desconhecido”. Portanto, “verdadeiro”, “falso” e “desconhecido” são os resultados possíveis na avaliação de predicados da cláusula WHERE. A regra geral é que são selecionadas apenas as combinações de tuplas em que o predicado é avaliado como “verdadeiro”. Seja a relação R que possui quatro tuplas – (12, 15, 5100), (13, NULL, 3500), (14, NULL, NULL) e (15, 12, NULL) – em que o primeiro, o segundo e o terceiro valores em cada tupla referem-se aos atributos at1, at2 e at3, respectivamente. Os comandos a seguir representam consultas sobre R:

```
(C1) select * from R
       where (at1>=12) AND (at2>14)
(C2) select * from R
       where (at2>12) OR (at3>3000)
(C3) select * from R
       where (NOT (at1<at2))
```
A quantidade de tuplas retornadas pelas execuções dos comandos (C1), (C2) e (C3), respectivamente, é:"
2018-13,"Um motoqueiro possui “n” entregas para realizar em “n” pontos distintos de uma cidade, podendo fazer a entrega em qualquer ordem. O entregador dispõe de uma tabela de distâncias que informa o tempo exato para se locomover de moto entre cada par de pontos de entrega. Considere distâncias assimétricas, ou seja, dist(a,b) e dist(b,a) podem ser diferentes. Se o entregador resolver avaliar todas as possíveis soluções para escolher a sequência de entregas cuja distância a ser percorrida seja mínima, quantas rotas ele iria avaliar para n=5?
Resolva o problema ignorando a distância que seria gasta para o entregador se locomover até o primeiro ponto de entrega."
2018-14,"Seja um código de Hamming sistemático com a seguinte matriz de comprovação tal que $H = (-P^T |I_r )$:
$$
 H = \begin{pmatrix}
1 & 1 & 0 & * & * & * & * \\0 & 1 & 1 & * & * & * & *\\
1 & 0 & 1 & * & * & * & *\end{pmatrix}
$$
Transmite-se a palavra código Y=0000000 e, durante a transmissão, se produzem erros nas posições 2, 3, 4 e 5. Que mensagem de usuário descodificaríamos?"
2018-22,"Dado o trecho de código
```

      int i, j, c;
      c = 1;
      for (i = 1; i < n; i = i*2){
            for(j = 1; j <= n; j++){
                  c=c+1;
            }
      }

```
Assumindo que a instrução $c=c+1$ é $O(1)$, a expressão que melhor define a ordem de complexidade desse trecho é:"
2018-27,"Considere o seguinte código em Linguagem C:
```

      int a = 7, b = 9, c = -1;
      int *ptr, *pty, *ptx;
         ptr = &a;
         ptx = &b;
         pty = &c;

         printf (""%d %d %d %d %d %d \n"", a, b, c,
      *ptr, *pty, *ptx);
         a = *ptr + *pty;
         b = *ptx + 1;
         printf (""%d %d %d %d %d %d \n"", a, b, c,
      *ptr, *pty, *ptx);
   

```

Assinale a alternativa que corresponde à saída impressa na tela."
2018-50,"Qual o número total de processos criados com a execução do programa a seguir?
Considere que todas as operações executadas serão realizadas com sucesso.
```

      int main (void){
         unsigned long int i;
         for(i=0; i<6;i++)
            if( fork() >= 0 )
               continue;
            else break;
      }

```"
2018-68,"A fase de análise sintática de um compilador pode ser implementada através de reconhecedores (*parsers*) de gramáticas livres de contexto, com estratégias ascendentes (*bottom-
up*) ou descendentes (*top-down*). Considere a gramática com cinco produções abaixo, sendo que são não terminais os símbolos S e A, sendo o primeiro o símbolo não terminal inicial da gramática, e, os demais, símbolos terminais:
$$
\begin{align*}
&\text{S → Aa} \\
&\text{S → bAc} \\
&\text{S → bc} \\
&\text{S → bda} \\
&\text{A → d}
\end{align*}
$$
Analise as seguintes assertivas:

I. A gramática é reconhecida por um analisador preditivo LL(1), pois as características da gramática não inibem a construção da tabela de reconhecimento.\
II. Esta gramática não é reconhecida por um analisador LR(0), pois existe um conflito do tipo empilha-reduz no estado que contém os seguintes itens LR(0) “S -> bd . a”, e “A → d”.\
III. A gramática é reconhecida por uma analisador SLR(1), pois ele resolve o conflito do tipo empilha-reduz LR(0).\
IV. A gramática é LR(1).

Quais estão corretas?"
2019-17,"Uma pessoa deseja fazer uma compra na Internet e, para isso, precisa se cadastrar em um site. A senha de cadastro deve ser formada por exatamente 9 caracteres , e somente os caracteres $, @ e # podem ser usados. Quantas senhas diferentes, contendo pelo menos uma ocorrência de cada caractere, existem?"
2019-25,"Considere a seguinte função em C:
```

void funcao(int n){
   int i,j;
   for (i=1; i<=n; i++)
      for(j=1; j<log(i); j++)
         printf(“%d”,i+j)
}

```
A complexidade dessa função é:"
2019-27,"Considere o seguinte código em Linguagem C abaixo:
```

int x = 3, y = 1, z = -5, w=-2;
int i;
for (i=1; i<x; i++){
   while (z<0){
   ++i;
   z++;
         do{
            x = x +3;
            w++;
         }while (w<0);
   }
}
   printf(""%d %d %d %d"", x, y, z, w);

```

Assinale a alternativa que corresponde à saída impressa na tela."
2019-36,"Um mapa rodoviário é modelado como um grafo em que os vértices representam interseções. As arestas representam segmentos de estrada entre interseções. O peso de cada aresta representa a distância entre interseções. Agora, considere que um motorista deseja obter o caminho mais curto entre duas cidades. Dado um mapa contendo as distâncias entre cada par de interseções adjacentes, como obter o caminho mais curto entre duas cidades?"
2019-45,"Considere o programa abaixo escrito em linguagem C. No instante da execução da linha 5, ter-se-á uma hierarquia composta de quantos processos e threads, respectivamente?
```

1    main(){
2    int i;
3    for(i=0;i<3;i++)
4       fork();
5    while(1);
6    }

```"
2019-47,"Seja um circuito lógico com três entradas, A, B, C, e uma saída S. Considerando que o valor da saída S é igual ao valor da entrada A quando as entradas B e C estão no mesmo nível lógico, e que o valor da saída S é igual ao inverso do valor da entrada A quando as entradas B e C estão em níveis lógicos opostos, assinale a alternativa que apresenta a expressão lógica correspondente ao circuito."
2019-68,"Assinale a alternativa que apresenta a quantidade mínima de registradores necessários para se fazer a alocação no código apresentado abaixo:\
t1 := a - mem[...]\
t2 := d / mem[...]\
t3 := t2 + mem[...]\
t4 := t1 + t3"
2022-28,"Analise o código em Linguagem C (Compilador Ansi C) abaixo e assinale a alternativa que corresponde a saída na tela.
```

int *p, **r, a = -1, c, b=10;
p = &a;
r = &p;
c = **r + b--;

printf(""%d"", c);

```"
2022-35,"Considere que um projetista deseja indexar um arquivo que contém registros com diferentes atributos numéricos. Ele deseja poder fazer buscas eficientes sobre registros baseado em valores exatos (e.g. 10), bem como por intervalos de valores (e.g. entre 10 e 20). Qual estrutura de indexação seria a mais apropriada?"
2022-44,"Considere uma memória cache com um tamanho de linha de 16 bytes e uma memória principal que requer 20 ns para transferir uma palavra de 8 bytes, para qualquer linha que seja escrita pelo menos uma vez, antes de ser retirada da cache. Qual é o número médio de vezes que a linha precisa ser escrita antes de ser retirada para que uma cache write-back seja mais eficiente do que uma cache write-through?"
2022-46,"O programa (em linguagem C) abaixo executa em um sistema operacional da família
UNIX. Considere que todas as rotinas invocadas no programa executam sem erro. Assinale a alternativa que indica o resultado impresso na tela pelo programa.
```

signed int i;
int main(void){
   if ( fork() > 0 )
      i++;
   else
      i++;
      i++;
   printf(""%d "", i);
}

```"
2022-49,"O paralelismo em nível de instruções existe quando as instruções de uma sequência são independentes e, assim, podem ser executadas em paralelo por sobreposição. Como um exemplo do conceito de paralelismo, considere dois pedaços de código (A e B) a seguir (JOUPPI, 1989):

|Código A|Código B|
|-|-|
|`Load R1 ← R2`|`Add R3 ← R3, “1”`|
|`Add R3 ← R3, “1”`|`Add R4 ← R3, R2`|
|`Add R4 ← R4, R2`|`Store [R4] ← R0`|

Assinale a alternativa INCORRETA a respeito do paralelismo."
2022-52,"Suponha um problema de classificação binária (classes A e B), cujo classificador escolhido considera um conjunto de pontos em um plano bidimensional, onde cada ponto se refere a uma amostra conhecida. Há várias linhas no plano, tal que todos os pontos da classe A fiquem para um lado e todos os pontos da classe B fiquem para o outro. Dentre tais linhas, o classificador escolhe a linha cuja distância do ponto mais próximo em qualquer classe (em relação aos pontos no conjunto de dados de treinamento) é máxima. Essa linha (chamada de linha de margem máxima) é então usada para classificar outros pontos, dependendo de qual lado da linha eles estão. O mencionado classificador é denominado:"
2022-55,"Considere que os produtos de uma loja são modelados pelo esquema de relação
**PROD(Codigo, Descricao, Preco)**, em que **Codigo** é a chave primária da relação. O banco de dados possui vários produtos, onde se observa pelo menos $n$ ($n>10$) preços distintos. A consulta a seguir, que está escrita conforme o formalismo da álgebra relacional, usa as operações projeção, seleção, produto cartesiano e renomeação, as quais são representadas pelos símbolos $\pi$, $\sigma$, $\times$ e $\rho$, respectivamente.
|$\pi$ PROD.Codigo $\sigma$ PROD.Preco < CLONE.Preco (PROD $\times$ $\rho$ CLONE (PROD)))|
|-|

O processamento dessa consulta resulta no código de todos os produtos:"
2023-23,"Considere o seguinte trecho de código:
```

for (i = 1; i <= n; i++) {
   for (j = 1; j <= m; j++) {
      // instruções O(1)
   }
}

```
Qual das seguintes afirmações é verdadeira sobre a complexidade assintótica desse trecho de código?"
2023-33,"Considere o seguinte código em Linguagem C (Compilador Ansi C):
```

int a = 2, b = 4, c = -1;
int *ptx, *pty, *ptz;
ptx = &a;
pty = &b;
ptz = &c;

printf (""%d %d %d %d %d %d \n"", a, b, c, *ptx, *pty, *ptz);
a = (*ptx) * (*pty);
b = *ptz + 1;
++c;
printf (""%d %d %d %d %d %d \n"", a, b, c, *ptx, *pty, *ptz);

```

Assinale a alternativa que corresponde à saída na tela."
2023-42,"Em um computador com suporte à memória virtual e paginação, quando ocorre um page fault, o sistema operacional, às vezes, precisa escolher uma página da memória principal (page frame) para dar lugar à página virtual que será carregada do disco como resultado do page fault. Dependendo do tipo de conteúdo presente na página selecionada para substituição, esse conteúdo precisa ser salvo no disco (page out) antes da substituição. Assinale a alternativa que indica uma região de memória típica de um processo, cujo conteúdo não exige salvamento prévio em casos de troca de páginas (page replacement)."
2023-44,"Considere que o programa abaixo, escrito em Linguagem C, execute em um computador com suporte à memória virtual e segmentação paginada, tal como em sistemas baseados em Intel x86-64.
```

1       #include <stdio.h>
2       main(){
3       int w;
4       printf(“%p”,&w);
5       }

```
Quando a linha 4 é executada, o valor impresso na tela corresponde ao:"
2023-46,"Considere, por exemplo, que um programa precisa ordenar um vetor de objetos de dados numéricos de algum tipo e, para isso, ele usa um subprograma para o processo de ordenação. No momento em que um processo de ordenação é necessário, uma sentença como
```sortInt(list, listLen)``` é colocada no programa. Essa chamada é uma abstração:"
2023-54,"Seja o alfabeto $A = \{b, k, z\}$. Expressões regulares sobre $A$ são definidas (da forma habitual) como cadeias (*strings*) contendo símbolos do alfabeto dado pela união de $A$ com o conjunto $\{ (, ), *, | \}$. Assim: \
\* $()$ e $e$, as quais denotam respectivamente a linguagem vazia e a linguagem que contém apenas a cadeia vazia. \
\* Cada símbolo do alfabeto é uma expressão regular, denotando a linguagem formada pelo símbolo. \
\* Dadas expressões regulares $R$, $R1$ e $R2$, notamos com $R^*$, $(R1 | R2)$ e $R1 R2$ as expressões regulares, representando, respectivamente, as operações de Estrela de Kleene (repetição), Escolha e Concatenação.

A notação $R?$ é usada como abreviatura para $(R | e )$, marcando que $R$ é opcional. Sejam os Tokens de uma certa linguagem definidos pelas expressões regulares sobre $A$ a seguir:
|Token|Expressão Regular|
|-|-|
|T1|$k? b? z z^* k$|
|T2|$z? k? b b^* z$|
|T3|$b? z? k k^* b$|

Seja um analisador léxico que reconhece os tokens acima, procurando sempre casar a maior parte possível da entrada (maior prefixo possível). Caso a cadeia $kkbzkbbkkb$ seja dada como entrada ao analisador léxico, qual será a sequência de tokens devolvida por ele?"
2024-15,"Considere as premissas verdadeiras a seguir:
- Premissa 1: Se Ana Paula joga vôlei ou Joaquim joga videogame, então Victória vai à praia.
- Premissa 2: Hoje, Victória não foi à praia.
- Premissa 3: Se hoje é sábado, então Ana Paula joga vôlei e Caio treina boxe.
Considerando as premissas apresentadas, é correto afirmar que:"
2024-21,"Considere o problema de acessar os registros de um arquivo. Cada registro contém uma chave única que é utilizada para recuperar os registros do arquivo. Dada uma chave qualquer, o problema consiste em localizar o registro que contenha essa chave. O algoritmo examina os registros na ordem em que eles aparecem no arquivo, até que o registro procurado seja encontrado ou fique determinado que ele não se encontra no arquivo. Seja f uma função de complexidade tal que $f(n)$ é o número de registros consultado no arquivo, é correto afirmar que:"
2024-33,"Analise o código em Linguagem C (Compilador Ansi C) abaixo:
```
int main() {
   int valor1 = 12;
   int *valor2;
   int cont = 0;
      valor2 = &valor1;

      do{
         valor1 >>= 1;
         cont++;
      }while (*valor2>0);
      printf (""%d"",cont);
}
```
A saída do programa na tela é o número:"
2024-34,"Analise o código em Linguagem C (Compilador Ansi C) abaixo:
```
int f_rec(char s[]) {
   if (s[0] == '\0') {
      return 0;
   }
   return 1 + f_rec(s + 1);
}

int main() {
   char str[] = ""Ola mundo!"";
   int var = f_rec(str);
   double resultado = var / 2;
   printf(""%f\n"", resultado);
   return 0;
}
```
Considerando o código apresentado, assinale a alternativa correta."
2024-43,"Analise a execução a seguir considerando que todos os arquivos de cabeçalho necessários estão inclusos no tempo de compilação e que o programa executa ininterruptamente do início até o seu término.
```
int lbm = 0;

void * func(void *i){ lbm = lbm + 1; }

int main (void){
   int i;
   pthread_t t[10];

   for(i=0;i<10;i++){
      pthread_create(&t[i], NULL, func, NULL);

   for(i=0;i<10;i++){
      pthread_join(t[i], NULL);

   printf(“%d”, lbm);
}
```

Assinale a alternativa que melhor representa o resultado da execução do programa acima."
2024-44,"Um computador precisa ter seu disco atual, formatado com uma única partição,
substituído por outro disco. Antes de realizar a troca, foi realizada uma análise do tamanho dos arquivos armazenados no disco atual, cujo resultado indicou que 98% dos arquivos possuem tamanho entre 1.000 bytes e 2.030 bytes (mediana de 1.515 bytes). Assinale a alternativa que lista os parâmetros de formação do novo disco e que resulte no menor desperdício de espaço físico e menor probabilidade de fragmentação do disco."
2024-47,"Analise o texto a seguir, que descreve um programa que solicita um salário ao usuário e mostra o imposto a pagar:
- Se o salário for negativo ou zero, mostre o erro respectivo.
- Se o salário for maior que 1000, paga 10% de imposto, se não paga apenas 5%.
Para resolver o problema descrito acima, qual instrução deve ser utilizada?"
2024-51,"Em um banco de dados relacional, considere um esquema de relação para um conjunto de itens, que define uma hierarquia pertinente à composição de peças de uma máquina, a saber: **ITEM (Id, Nome, Fk)**; o atributo **ID** é a chave primária de ITEM; o atributo **Nome** rotula o item; o atributo **Fk** é uma chave estrangeira em ITEM, que determina o item ascendente imediato na hierarquia. Em determinado momento, o conjunto de tuplas em ITEM é: (1, 'Item 1', NULL);
(2, 'Item 2', 1); (3, 'Item 3', 1); (4, 'Item 4', 3). Seja uma consulta escrita em SQL, conforme apresentada abaixo:
```
SELECT FILHO.Id, FILHO.Nome, PAI.Id, PAI.Nome
FROM ITEM AS FILHO RIGHT OUTER JOIN ITEM AS PAI ON FILHO.Fk = PAI.Id
```
Ao executar essa consulta, a relação resultante possui:"
2024-65,"Um roteador recebe um pacote com IP de origem $13.1.2.3$ e IP de destino $11.1.2.5$.
Em qual rota ele encaminhará o pacote?"
